provinsi,Kab_Kota,Kecamatan,lat,lon
RIAU,KAMPAR,BANGKINANG,0.4392875799654309,101.01897586072516
RIAU,INDRAGIRI HILIR,ENOK,-0.5072378883040394,103.12813442551779
RIAU,ROKAN HULU,BONAI DARUSSALAM,1.1625905911095613,100.83618442443658
RIAU,ROKAN HULU,PAGARAN TAPAH DARUSSALAM,0.7697701499837382,100.60397020217566
RIAU,INDRAGIRI HULU,LUBUK BATU JAYA,-0.3423429791329542,102.1247886031558
RIAU,ROKAN HILIR,RANTAU KOPAR,1.405453838125121,101.0296874986318
RIAU,KOTA PEKANBARU,LIMA PULUH,0.5392747537953527,101.45877164200442
RIAU,KOTA PEKANBARU,SENAPELAN,0.5355947470057225,101.43637420607817
SUMATERA SELATAN,BANYUASIN,SUMBER MARGA TELANG,-2.547485113046895,104.80160629246652
SUMATERA SELATAN,OGAN KOMERING ILIR,TELUK GELAM,-3.5905689988905714,104.78823739076532
SUMATERA SELATAN,OGAN KOMERING ILIR,PEDAMARAN TIMUR,-3.5463230896121383,105.15629026355883
RIAU,KAMPAR,KAMPAR TIMUR,0.3518766831846557,101.19713809013302
RIAU,INDRAGIRI HILIR,TEMPULING,-0.41132934838209295,102.90006898655031
SUMATERA SELATAN,OGAN KOMERING ULU TIMUR,BELITANG MULYA,-4.038410715364423,104.73220626059843
SUMATERA SELATAN,OGAN KOMERING ULU TIMUR,BUAY PEMUKA BANGSA RAJA,-4.1607363493211516,104.46912796901094
RIAU,INDRAGIRI HILIR,GAUNG ANAK SERKA,-0.19325340742964017,103.15637411771135
RIAU,INDRAGIRI HILIR,KEMPAS,-0.4712865175513175,102.80409175760234
RIAU,ROKAN HULU,PENDALIAN IV KOTO,0.5028459267424694,100.48635121138653
RIAU,KAMPAR,BANGKINANG KOTA,0.26496889469837626,101.0729510344213
RIAU,INDRAGIRI HILIR,SUNGAI BATANG,-0.6144062585461204,103.22232814058992
RIAU,INDRAGIRI HILIR,KEMUNING,-0.9257575585740931,102.70889447387633
SUMATERA SELATAN,OGAN KOMERING ULU SELATAN,MUARA DUA,-4.537007544865309,104.05073546471071
SUMATERA SELATAN,OGAN KOMERING ULU SELATAN,PULAU BERINGIN,-4.501635990063561,103.66522024512821
SUMATERA SELATAN,OGAN KOMERING ULU SELATAN,KISAM TINGGI,-4.315945323715196,103.77029739411192
SUMATERA SELATAN,OGAN KOMERING ULU SELATAN,KISAM ILIR,-4.477235190054977,103.77885535484043
SUMATERA SELATAN,EMPAT LAWANG,TALANG PADANG,-3.683393770208874,102.93340585906545
RIAU,INDRAGIRI HILIR,TELUK BELENGKONG,0.30008117827679964,103.34563940178816
RIAU,INDRAGIRI HILIR,PELANGIRAN,0.20391259987288407,103.35078378461456
RIAU,INDRAGIRI HILIR,PULAU BURUNG,0.4156076490853905,103.39310345533887
RIAU,ROKAN HULU,KEPENUHAN HULU,0.9896208899839471,100.51501610952414
SUMATERA SELATAN,EMPAT LAWANG,PENDOPO BARAT,-3.757584416128926,102.92356101946515
RIAU,KAMPAR,KAMPAR,0.2792354787264347,101.1267291751515
RIAU,KAMPAR,TAMBANG,0.3727382836625853,101.308042109833
RIAU,KAMPAR,KUOK,0.3439489806284095,100.91198720841534
RIAU,KAMPAR,SIAK HULU,0.35057721073308445,101.55057554510924
RIAU,KAMPAR,SALO,0.3018262246482729,101.00643934068134
RIAU,KAMPAR,RUMBIO JAYA,0.421596497983597,101.1480019078798
RIAU,KAMPAR,XIII KOTO KAMPAR,0.23097097871629638,100.81064660539056
RIAU,INDRAGIRI HILIR,TANAH MERAH,-0.4751227259333362,103.35318326758613
RIAU,KAMPAR,KAMPAR KIRI,-0.00834006561562783,101.11675869792326
RIAU,KAMPAR,KAMPAR KIRI HILIR,0.12530138188483825,101.46825065268693
RIAU,INDRAGIRI HILIR,BATANG TUAKA,-0.26792112417321423,103.12095110857513
RIAU,KAMPAR,KAMPAR KIRI HULU,-0.18486751420021796,100.94225354290312
RIAU,KAMPAR,TAPUNG HULU,0.7684337995705736,100.82012756584948
RIAU,KAMPAR,TAPUNG,0.5814300771015929,101.09072213220493
RIAU,KAMPAR,TAPUNG HILIR,0.7923905038437681,101.12895533565924
RIAU,KAMPAR,KAMPAR UTARA,0.408630869087642,101.08409394543284
RIAU,KAMPAR,PERHENTIAN RAJA,0.3177821068330872,101.41394608062694
RIAU,KAMPAR,KAMPAR KIRI TENGAH,0.1292645416912872,101.3317558147481
RIAU,KAMPAR,GUNUNG SAHILAN,0.028116478873227258,101.30984279596636
RIAU,KAMPAR,KOTO KAMPAR HULU,0.39265184614360044,100.56576125614235
RIAU,INDRAGIRI HULU,RENGAT,-0.20218934743837297,102.54241574782324
RIAU,INDRAGIRI HULU,RENGAT BARAT,-0.33841963766232036,102.42335019013761
RIAU,INDRAGIRI HULU,SIBERIDA,-0.5734395567828119,102.44114068238116
RIAU,INDRAGIRI HULU,KELAYANG,-0.448222275618382,102.08125262407056
RIAU,INDRAGIRI HULU,PASIR PENYU,-0.36819616730575205,102.27731209642359
RIAU,INDRAGIRI HULU,PERANAP,-0.6827594066227769,101.99028565645297
RIAU,INDRAGIRI HULU,BATANG CENAKU,-0.7899113455540246,102.23525533733675
RIAU,INDRAGIRI HULU,BATANG GANGSAL,-0.80691360823268,102.50313059057912
RIAU,INDRAGIRI HULU,LIRIK,-0.2594795382393245,102.27197304423758
RIAU,INDRAGIRI HULU,KUALA CENAKU,-0.1890182372050945,102.65941567221064
RIAU,INDRAGIRI HULU,SUNGAI LALA,-0.43258837899217695,102.25668972317709
RIAU,INDRAGIRI HULU,RAKIT KULIM,-0.5910051129370851,102.16741204081305
RIAU,BENGKALIS,BATHIN SOLAPAN,1.3405972768421013,101.15341943392033
RIAU,INDRAGIRI HILIR,GAUNG,-0.054045056423493436,102.9898189541024
KALIMANTAN TENGAH,KAPUAS,KAPUAS HILIR,-2.9963644489133743,114.4542937525377
RIAU,INDRAGIRI HULU,BATANG PERANAP,-0.7308311943368907,101.86745467402217
RIAU,BENGKALIS,BENGKALIS,1.4506333319484819,102.24713311399834
RIAU,BENGKALIS,BANTAN,1.4832017653764205,102.33920468549081
RIAU,INDRAGIRI HILIR,TEMBILAHAN HULU,-0.38371680944365016,103.08665593609294
RIAU,BENGKALIS,BANDAR LAKSAMANA,1.4441855170235247,101.71184907946966
RIAU,BENGKALIS,SIAK KECIL,1.1732635609579323,101.9349402946262
RIAU,BENGKALIS,RUPAT,1.8569049575083996,101.58595800420235
RIAU,BENGKALIS,RUPAT UTARA,2.0247602744135094,101.57351670756093
RIAU,BENGKALIS,TALANG MUANDAU,1.135260048208645,101.53316939835946
RIAU,INDRAGIRI HILIR,CONCONG,-0.2841599443136897,103.59265555153043
RIAU,INDRAGIRI HILIR,RETEH,-0.7143763238236547,103.25366707623222
RIAU,INDRAGIRI HILIR,KUALA INDRAGIRI,-0.3351203442238807,103.47617938144658
RIAU,INDRAGIRI HILIR,TEMBILAHAN,-0.3401497288000697,103.1812632370823
RIAU,INDRAGIRI HILIR,MANDAH,0.07906117748917559,103.32809622050469
RIAU,INDRAGIRI HILIR,KATEMAN,0.23342899434995257,103.65549022213648
RIAU,INDRAGIRI HILIR,KERITANG,-0.6968450154891725,102.84148827048998
RIAU,PELALAWAN,PANGKALAN KERINCI,0.36248718706200533,101.84873773324497
RIAU,PELALAWAN,PELALAWAN,0.4586439052009565,102.14635163909546
RIAU,PELALAWAN,UKUI,-0.22522054540468442,101.96216770769055
RIAU,PELALAWAN,PANGKALAN KURAS,0.026565971368961418,101.88033834886974
RIAU,PELALAWAN,PANGKALAN LESUNG,-0.024989790089314127,102.1218912395441
RIAU,ROKAN HULU,KUNTO DARUSSALAM,0.9194478887466178,100.68729204620176
RIAU,PELALAWAN,LANGGAM,0.08231926553730173,101.69314102951175
RIAU,ROKAN HULU,KABUN,0.4649774815967394,100.74599246407108
RIAU,PELALAWAN,KERUMUTAN,-0.0003326029459200217,102.36736309807752
RIAU,PELALAWAN,BUNUT,0.2848025772811899,102.11695537776657
RIAU,PELALAWAN,BANDAR PETALANGAN,0.1255643795810069,102.18989039497106
RIAU,ROKAN HULU,UJUNG BATU,0.6925317905236049,100.52619711970881
RIAU,PELALAWAN,TELUK MERANTI,0.3832859712551232,102.66866015583695
RIAU,PELALAWAN,KUALA KAMPAR,0.5692706182571824,103.14699936479624
RIAU,PELALAWAN,BANDAR SEI KIJANG,0.4169730417094318,101.68700736358926
RIAU,ROKAN HULU,ROKAN IV KOTO,0.5829043780610363,100.34546515252521
RIAU,ROKAN HULU,RAMBAH,0.8265068540017936,100.26137180717978
RIAU,ROKAN HULU,TAMBUSAI,1.0986795772374918,100.25991575013391
RIAU,ROKAN HULU,KEPENUHAN,1.1326617478895913,100.62303767302947
RIAU,ROKAN HULU,RAMBAH SAMO,0.8184348596858827,100.43400436336604
RIAU,ROKAN HULU,RAMBAH HILIR,0.9734653818783416,100.360682632961
RIAU,ROKAN HULU,TAMBUSAI UTARA,1.2855021033443061,100.3141120814363
RIAU,ROKAN HULU,BANGUN PURBA,0.9134396564517203,100.18571333451861
RIAU,ROKAN HULU,TANDUN,0.5872819383023472,100.60770948428676
RIAU,SIAK,PUSAKO,0.8989779042703061,102.15304294798182
RIAU,ROKAN HILIR,KUBU,2.070990172061831,100.52564217017229
RIAU,ROKAN HILIR,BAGAN SINEMBAH,1.7444771441351263,100.54328790828568
RIAU,ROKAN HILIR,BANGKO,2.144435228461108,100.86684848487735
RIAU,KUANTAN SINGINGI,KUANTAN MUDIK,-0.7147176644392051,101.52041049240302
RIAU,ROKAN HILIR,TANAH PUTIH,1.5181211694040786,101.03318164088734
RIAU,ROKAN HILIR,RIMBA MELINTANG,1.8114129200396272,101.01314551941337
RIAU,ROKAN HILIR,SIMPANG KANAN,1.874949351679124,100.3815923200208
RIAU,ROKAN HILIR,PASIR LIMAU KAPAS,2.2028665677919728,100.38275512392882
RIAU,ROKAN HILIR,SINABOI,2.21168131513277,100.96801362256011
RIAU,ROKAN HILIR,BATU HAMPAR,1.949186254497189,100.98328945924032
RIAU,ROKAN HILIR,PUJUD,1.4169999311144663,100.59872816174754
RIAU,ROKAN HILIR,TANAH PUTIH TANJUNG MELAWAN,1.704681732035086,101.12684132233078
RIAU,ROKAN HILIR,BANGKO PUSAKO,1.731587241119845,100.80515351082491
RIAU,ROKAN HILIR,PEKAITAN,1.9976714114018768,100.79253001536985
RIAU,ROKAN HILIR,KUBU BABUSSALAM,2.002723057078206,100.60472524126423
RIAU,SIAK,SIAK,0.8797910242416109,101.93105025869602
RIAU,SIAK,DAYUN,0.6578195481714854,102.07057483871633
RIAU,SIAK,SUNGAI APIT,0.7970113995300955,102.41935656989743
RIAU,SIAK,KERINCI KANAN,0.49105050998168026,101.78235528368278
RIAU,SIAK,MINAS,0.7915432605528162,101.46649348892683
RIAU,SIAK,BUNGA RAYA,0.9830736510859338,102.05005412524714
RIAU,SIAK,TUALANG,0.6527297793009899,101.63103968067315
RIAU,SIAK,SUNGAI MANDAU,0.9811413391410188,101.71066134279154
RIAU,SIAK,KOTO GASIB,0.7343678070059391,101.7966741196859
RIAU,SIAK,MEMPURA,0.790047673477167,102.05698468183957
RIAU,KOTA PEKANBARU,MARPOYAN DAMAI,0.4695799906394926,101.43623503263576
RIAU,SIAK,KANDIS,1.0006661729534954,101.16565583671019
RIAU,SIAK,LUBUK DALAM,0.5917586465518861,101.78762289912967
RIAU,SIAK,SABAK AUH,1.115081053299084,102.1150982301648
RIAU,KUANTAN SINGINGI,CERENTI,-0.4991570030282288,101.86372164195367
RIAU,KOTA DUMAI,DUMAI TIMUR,1.641277343524038,101.45626683431199
RIAU,KUANTAN SINGINGI,GUNUNGTOAR,-0.601377572084774,101.51357548273985
RIAU,KUANTAN SINGINGI,KUANTAN TENGAH,-0.5692324692730955,101.60607059591197
RIAU,KUANTAN SINGINGI,SINGINGI HILIR,-0.21830780502502192,101.30268302510436
RIAU,KUANTAN SINGINGI,SINGINGI,-0.43579992615483965,101.27670489761985
RIAU,KUANTAN SINGINGI,KUANTAN HILIR,-0.4075151935848977,101.76804870511756
RIAU,KEPULAUAN MERANTI,MERBAU,1.0710708002058686,102.34256222996831
RIAU,KUANTAN SINGINGI,BENAI,-0.4946249181970611,101.65676825668538
RIAU,KUANTAN SINGINGI,INUMAN,-0.4883038179911074,101.8009812343553
RIAU,KOTA DUMAI,BUKIT KAPUR,1.5309756886639085,101.4144280009634
RIAU,KOTA DUMAI,DUMAI KOTA,1.6754111076943077,101.44105815083849
RIAU,KUANTAN SINGINGI,PANGEAN,-0.46279758783862857,101.68969909365677
RIAU,KUANTAN SINGINGI,LOGAS TANAH DARAT,-0.2543037590705038,101.58811139919348
RIAU,KOTA DUMAI,SUNGAI SEMBILAN,1.9317378125837819,101.20250551323512
RIAU,KUANTAN SINGINGI,HULU KUANTAN,-0.5813208918212662,101.35371627733073
RIAU,KUANTAN SINGINGI,KUANTAN HILIR SEBERANG,-0.5340537460806475,101.77162559728134
RIAU,KUANTAN SINGINGI,SENTAJO RAYA,-0.3994061433702015,101.56045787159908
RIAU,KUANTAN SINGINGI,PUCUK RANTAU,-0.8343012715500115,101.74543053112747
RIAU,KEPULAUAN MERANTI,RANGSANG BARAT,1.0669136797414476,102.71166657600457
RIAU,KEPULAUAN MERANTI,TEBING TINGGI,0.9782287943681253,102.73988527040089
RIAU,KEPULAUAN MERANTI,RANGSANG,0.9205720623726585,103.03254453980907
RIAU,KEPULAUAN MERANTI,TEBING TINGGI BARAT,0.8898252078710145,102.55450334142517
RIAU,KEPULAUAN MERANTI,PULAUMERBAU,1.044063549738629,102.5298230224402
RIAU,KEPULAUAN MERANTI,RANGSANG PESISIR,1.0704384282915862,102.86580588816555
RIAU,KEPULAUAN MERANTI,TEBING TINGGI TIMUR,0.8396525944852616,102.83894141083016
RIAU,KOTA PEKANBARU,SUKAJADI,0.5171893410552819,101.43776266356885
RIAU,KOTA PEKANBARU,PEKANBARU KOTA,0.5230128369675425,101.44832313138076
RIAU,KOTA PEKANBARU,SAIL,0.5158483755947874,101.459358557468
RIAU,KEPULAUAN MERANTI,TASIK PUTRI PUYU,1.258982452464011,102.34944441449029
RIAU,KOTA PEKANBARU,RUMBAI,0.6153153147678956,101.3966169730476
RIAU,KOTA PEKANBARU,BUKIT RAYA,0.4707872073051966,101.46779476864118
RIAU,KOTA PEKANBARU,TAMPAN,0.4662289515181757,101.38883058951215
RIAU,KOTA PEKANBARU,TENAYAN RAYA,0.5103606584463476,101.53313240944675
RIAU,KOTA PEKANBARU,PAYUNG SEKAKI,0.5251204367986824,101.39643549466695
RIAU,KOTA PEKANBARU,RUMBAI PESISIR,0.6061245065588151,101.4985815155193
RIAU,KOTA DUMAI,MEDANG KAMPAI,1.5930945327059827,101.60290662740513
RIAU,KOTA DUMAI,DUMAI BARAT,1.68174603973588,101.38830309576835
RIAU,KOTA DUMAI,DUMAI SELATAN,1.6367426916831527,101.39667982888761
SUMATERA SELATAN,OGAN KOMERING ULU,BATURAJA TIMUR,-4.151590110458841,104.21606367375247
SUMATERA SELATAN,OGAN KOMERING ULU,SOSOH BUAY RAYAP,-4.207563852968382,104.11019210605049
SUMATERA SELATAN,OGAN KOMERING ULU,PENGANDONAN,-4.103562307150891,103.91141606921607
SUMATERA SELATAN,OGAN KOMERING ULU,ULU OGAN,-4.270584616508116,103.63986096184891
SUMATERA SELATAN,OGAN KOMERING ULU,PENINJAUAN,-3.8680588986412334,104.33506483547568
SUMATERA SELATAN,OGAN KOMERING ULU,BATURAJA BARAT,-4.109347146119764,104.11979769903071
SUMATERA SELATAN,OGAN KOMERING ULU,SEMIDANG AJI,-4.029328768582511,103.98594251717432
SUMATERA SELATAN,OGAN KOMERING ULU,LUBUK BATANG,-3.9615832025532733,104.16707093661448
SUMATERA SELATAN,OGAN KOMERING ULU,LENGKITI,-4.324381088667817,104.01780538370677
SUMATERA SELATAN,OGAN KOMERING ULU,SINAR PENINJAUAN,-3.936869076153617,104.42523792287994
SUMATERA SELATAN,OGAN KOMERING ULU,LUBUK RAJA,-4.126297033030885,104.29109360748033
SUMATERA SELATAN,OGAN KOMERING ULU,MUARA JAYA,-4.149315664022514,103.85731022193963
SUMATERA SELATAN,OGAN KOMERING ULU,KEDATON PENINJAUAN RAYA,-3.808477134714407,104.48148072202261
SUMATERA SELATAN,OGAN KOMERING ILIR,TANJUNG LUBUK,-3.5732865826869267,104.70997779717455
SUMATERA SELATAN,OGAN KOMERING ILIR,PEDAMARAN,-3.467384759113208,104.96563117658768
SUMATERA SELATAN,OGAN KOMERING ILIR,SIRAH PULAU PADANG,-3.2910656627900647,104.87656582573197
SUMATERA SELATAN,OGAN KOMERING ILIR,TULUNG SELAPAN,-3.112445112908186,105.65403125437925
SUMATERA SELATAN,OGAN KOMERING ILIR,PAMPANGAN,-3.2743661967460445,105.01833870577077
SUMATERA SELATAN,OGAN KOMERING ILIR,MESUJI,-3.9135661621905546,105.13194283795887
SUMATERA SELATAN,OGAN KOMERING ILIR,KAYU AGUNG,-3.382434872590639,104.86136281522046
SUMATERA SELATAN,OGAN KOMERING ILIR,JEJAWI,-3.173695642473872,104.85615154471665
SUMATERA SELATAN,OGAN KOMERING ILIR,LEMPUING,-3.9035734339665353,104.94334854623172
SUMATERA SELATAN,OGAN KOMERING ILIR,CENGAL,-3.518883722330269,105.61102767114508
SUMATERA SELATAN,OGAN KOMERING ILIR,AIR SUGIHAN,-2.725230780169038,105.38022739815483
SUMATERA SELATAN,OGAN KOMERING ILIR,PANGKALAN LAMPAM,-3.1188328946452715,105.15341145154895
SUMATERA SELATAN,OGAN KOMERING ILIR,LEMPUING JAYA,-3.6921202157320026,104.915286483253
SUMATERA SELATAN,MUARA ENIM,LAWANG KIDUL,-3.7746525088337926,103.83164882063829
SUMATERA SELATAN,OGAN KOMERING ILIR,SUNGAI MENANG,-3.8439517909302734,105.6268591963687
SUMATERA SELATAN,OGAN KOMERING ILIR,MESUJI MAKMUR,-4.127606120331852,104.89731639175093
SUMATERA SELATAN,OGAN KOMERING ILIR,MESUJI RAYA,-3.7476935042694874,105.09708837868698
SUMATERA SELATAN,MUARA ENIM,TANJUNG AGUNG,-3.9343753840416706,103.786302460757
SUMATERA SELATAN,MUARA ENIM,MUARA ENIM,-3.664998361513476,103.80600112923614
SUMATERA SELATAN,MUARA ENIM,GELUMBANG,-3.2199602072429743,104.41313186389576
SUMATERA SELATAN,MUARA ENIM,RAMBANG DANGKU,-3.5848547857309576,104.02785088011619
SUMATERA SELATAN,MUARA ENIM,GUNUNG MEGANG,-3.530707305071926,103.88777812489786
SUMATERA SELATAN,MUARA ENIM,SEMENDE DARAT LAUT,-4.098223824465566,103.64145836462485
SUMATERA SELATAN,MUARA ENIM,SEMENDE DARAT TENGAH,-4.18213812772095,103.47443429820235
SUMATERA SELATAN,MUARA ENIM,SEMENDE DARAT ULU,-4.269031979888229,103.51024716193571
SUMATERA SELATAN,MUARA ENIM,UJAN MAS,-3.5305512702898043,103.70349004416362
SUMATERA SELATAN,MUARA ENIM,RAMBANG,-3.6095441643163952,104.15665618238455
SUMATERA SELATAN,MUARA ENIM,SUNGAI ROTAN,-3.1564970311627416,104.29049830134595
SUMATERA SELATAN,LAHAT,JARAI,-3.937044339586378,103.17768277862866
SUMATERA SELATAN,MUARA ENIM,LUBAI,-3.671000135390311,104.32345229026053
SUMATERA SELATAN,MUARA ENIM,BELIDA DARAT,-3.4559435008181842,104.38472753452189
SUMATERA SELATAN,MUARA ENIM,LEMBAK,-3.3638804422371273,104.3234942623364
SUMATERA SELATAN,MUARA ENIM,BENAKAT,-3.404105891607458,103.73480678889204
SUMATERA SELATAN,MUARA ENIM,KELEKAR,-3.3422507903483294,104.47804439412832
SUMATERA SELATAN,MUARA ENIM,MUARA BELIDA,-3.07002863263537,104.51013763306047
SUMATERA SELATAN,MUARA ENIM,BELIMBING,-3.429679492152976,103.98089189015765
SUMATERA SELATAN,MUARA ENIM,LUBAI ULU,-3.805499450217087,104.10222543931081
SUMATERA SELATAN,LAHAT,TANJUNGSAKTI PUMU,-4.081973176780948,103.01234556549367
SUMATERA SELATAN,LAHAT,KOTA AGUNG,-4.12481291888598,103.4079927320007
SUMATERA SELATAN,LAHAT,PULAUPINANG,-3.858355193377149,103.55998597758585
SUMATERA SELATAN,LAHAT,MERAPI BARAT,-3.755714935723093,103.64769939724731
SUMATERA SELATAN,LAHAT,LAHAT,-3.727737391842829,103.54395705496935
SUMATERA SELATAN,LAHAT,KIKIM SELATAN,-3.7593489602121384,103.20242043710337
SUMATERA SELATAN,LAHAT,PAJAR BULAN,-3.9621386919700767,103.29473625654236
SUMATERA SELATAN,LAHAT,MULAK ULU,-4.032520150478976,103.52761640779556
SUMATERA SELATAN,LAHAT,PAGAR GUNUNG,-3.9378528143483167,103.57494738248067
SUMATERA SELATAN,LAHAT,KIKIM TIMUR,-3.6292914655993016,103.38310299909361
SUMATERA SELATAN,LAHAT,KIKIM TENGAH,-3.652577121298413,103.25183931663182
SUMATERA SELATAN,LAHAT,SUKAMERINDU,-3.9594212181711876,103.22105951882708
SUMATERA SELATAN,LAHAT,KIKIM BARAT,-3.571698313706169,103.20808029565714
SUMATERA SELATAN,LAHAT,PSEKSU,-3.8214867861020183,103.31954376691489
SUMATERA SELATAN,LAHAT,GUMAY TALANG,-3.780524294783146,103.4589165897027
SUMATERA SELATAN,LAHAT,MERAPI TIMUR,-3.6312966152471455,103.6626122387896
SUMATERA SELATAN,LAHAT,TANJUNG SAKTI PUMI,-4.154644054042188,103.11359240695587
SUMATERA SELATAN,LAHAT,GUMAY ULU,-3.9282375166554946,103.40344448054142
SUMATERA SELATAN,LAHAT,MERAPI SELATAN,-3.8665557802622383,103.65949463595983
SUMATERA SELATAN,LAHAT,TANJUNGTEBAT,-3.9860039630671595,103.45365679911167
SUMATERA SELATAN,LAHAT,MUARAPAYANG,-3.895249258653676,103.13597048544662
SUMATERA SELATAN,MUSI RAWAS,TUGUMULYO,-3.1733428604541483,102.96209812205538
SUMATERA SELATAN,MUSI RAWAS,MUARA LAKITAN,-3.1449056194837417,103.41910135135872
SUMATERA SELATAN,MUSI RAWAS,JAYALOKA,-3.3472926743695868,103.1960353654185
SUMATERA SELATAN,MUSI RAWAS,MUARA KELINGI,-3.0478089504032146,103.24501638061503
SUMATERA SELATAN,MUSI BANYUASIN,SANGA DESA,-2.712328760340802,103.41778456848952
SUMATERA SELATAN,MUSI RAWAS,MUARA BELITI,-3.257022326742318,103.01356597230901
SUMATERA SELATAN,MUSI RAWAS,SELANGIT,-3.214766053920262,102.67463373703427
SUMATERA SELATAN,MUSI RAWAS,STL ULU TERAWAS,-3.0766529743693005,102.73658021709608
SUMATERA SELATAN,BANYUASIN,BETUNG,-2.785967817178576,104.24575347844868
SUMATERA SELATAN,MUSI RAWAS,MEGANG SAKTI,-2.9675573319936666,103.020789664833
SUMATERA SELATAN,BANYUASIN,RAMBUTAN,-3.059490299242858,104.92732255744245
SUMATERA SELATAN,MUSI RAWAS,PURWODADI,-3.1051615785111055,102.98806336052941
SUMATERA SELATAN,MUSI RAWAS,BTS. ULU,-3.3488339068402064,103.31316353595732
SUMATERA SELATAN,MUSI RAWAS,TIANG PUMPUNG KEPUNGUT,-3.360234204713134,103.08480117051003
SUMATERA SELATAN,MUSI RAWAS,SUMBER HARTA,-3.0311316362501777,102.94993927351257
SUMATERA SELATAN,MUSI RAWAS,TUAH NEGERI,-3.1544399071914,103.10102021073317
SUMATERA SELATAN,OGAN KOMERING ULU TIMUR,BELITANG,-4.153231813986351,104.63885426365039
SUMATERA SELATAN,MUSI RAWAS,SUKA KARYA,-3.2284433040553835,103.19291767237307
SUMATERA SELATAN,MUSI BANYUASIN,SEKAYU,-2.870042150273087,103.8552898687961
SUMATERA SELATAN,MUSI BANYUASIN,KELUANG,-2.583766402609263,103.92430244490872
SUMATERA SELATAN,MUSI BANYUASIN,BAYUNG LENCIR,-2.039690628241536,103.94303470181724
SUMATERA SELATAN,MUSI BANYUASIN,SUNGAI KERUH,-3.098778498654047,103.69362594886631
SUMATERA SELATAN,MUSI BANYUASIN,PLAKAT TINGGI,-2.924062174783607,103.54929239056362
SUMATERA SELATAN,KOTA PALEMBANG,BUKIT KECIL,-2.9875839741335266,104.75226214742335
SUMATERA SELATAN,MUSI BANYUASIN,LAIS,-2.916995343415319,104.04785426383957
SUMATERA SELATAN,MUSI BANYUASIN,BATANG HARI LEKO,-2.453028191320841,103.44310689747422
SUMATERA SELATAN,MUSI BANYUASIN,BABAT TOMAN,-2.730406598144026,103.57646231766697
SUMATERA SELATAN,MUSI BANYUASIN,SUNGAI LILIN,-2.529007028717445,104.04074840731316
SUMATERA SELATAN,MUSI BANYUASIN,LALAN,-2.351536306855305,104.36321641783319
SUMATERA SELATAN,MUSI BANYUASIN,LAWANG WETAN,-2.8024779361760577,103.71203331673922
SUMATERA SELATAN,MUSI BANYUASIN,TUNGKAL JAYA,-2.3233910800735607,103.78638968593062
SUMATERA SELATAN,OGAN KOMERING ULU SELATAN,BUAY PEMATANG RIBU RANAU TENGAH,-4.780266643544548,104.05373227845693
SUMATERA SELATAN,MUSI BANYUASIN,BABAT SUPAT,-2.7327834747896507,104.11499448681695
SUMATERA SELATAN,BANYUASIN,PULAU RIMAU,-2.557273473622735,104.4639675116719
SUMATERA SELATAN,BANYUASIN,BANYUASIN I,-2.8771619970186384,104.90298568465533
SUMATERA SELATAN,BANYUASIN,BANYUASIN II,-2.069502043200785,104.58410947556598
SUMATERA SELATAN,BANYUASIN,BANYUASIN III,-2.906042688503053,104.39210235316405
SUMATERA SELATAN,BANYUASIN,AIR SALEK,-2.6046400020022844,105.02214855810857
SUMATERA SELATAN,BANYUASIN,MUARA PADANG,-2.64700519429499,105.11755119494279
SUMATERA SELATAN,BANYUASIN,MUARA TELANG,-2.6321242353251746,104.85371130470115
SUMATERA SELATAN,BANYUASIN,MAKARTI JAYA,-2.540544661844594,104.95946751393062
SUMATERA SELATAN,BANYUASIN,TUNGKAL ILIR,-2.5401585559494086,104.22050983067015
SUMATERA SELATAN,BANYUASIN,TALANG KELAPA,-2.8155703310321067,104.69283701286815
SUMATERA SELATAN,BANYUASIN,RANTAU BAYUR,-3.009616140855507,104.38218421944622
SUMATERA SELATAN,BANYUASIN,SUAK TAPEH,-2.813888870023766,104.33478699730713
SUMATERA SELATAN,BANYUASIN,TANJUNG LAGO,-2.639306758010396,104.63214613339582
SUMATERA SELATAN,BANYUASIN,MUARA SUGIHAN,-2.4496020100967315,105.24648760259824
SUMATERA SELATAN,BANYUASIN,SEMBAWA,-2.85984080897484,104.5316837616727
SUMATERA SELATAN,BANYUASIN,AIR KUMBANG,-2.869747163172249,105.00785742224646
SUMATERA SELATAN,OGAN KOMERING ULU TIMUR,MARTAPURA,-4.302933694813536,104.33009677461655
SUMATERA SELATAN,OGAN KOMERING ULU TIMUR,BUAY MADANG,-4.245240503058717,104.4986514781494
SUMATERA SELATAN,OGAN KOMERING ULU TIMUR,CEMPAKA,-3.752404849380808,104.71337503790416
SUMATERA SELATAN,OGAN KOMERING ULU TIMUR,BUAY PEMUKA PELIUNG,-4.243646818097997,104.3916436499766
SUMATERA SELATAN,OGAN KOMERING ULU TIMUR,MADANG SUKU II,-4.071465917806782,104.49973298810406
SUMATERA SELATAN,OGAN KOMERING ULU TIMUR,MADANG SUKU I,-3.965614773744492,104.54627774401514
SUMATERA SELATAN,OGAN KOMERING ULU TIMUR,SEMENDAWAI SUKU III,-3.9670199654507563,104.69856501060335
SUMATERA SELATAN,OGAN KOMERING ULU TIMUR,BUNGA MAYANG,-4.378758729159142,104.24079636070981
SUMATERA SELATAN,OGAN KOMERING ULU TIMUR,BELITANG II,-4.025386011609216,104.82787356028766
SUMATERA SELATAN,OGAN KOMERING ULU TIMUR,BELITANG III,-4.13216429486472,104.73463724325207
SUMATERA SELATAN,OGAN KOMERING ULU TIMUR,BUAY MADANG TIMUR,-4.171942698547139,104.56622823761067
SUMATERA SELATAN,OGAN KOMERING ULU TIMUR,MADANG SUKU III,-4.094916473886418,104.38205468750617
SUMATERA SELATAN,OGAN KOMERING ULU TIMUR,SEMENDAWAI BARAT,-3.8594968048068115,104.6592209945297
SUMATERA SELATAN,OGAN KOMERING ULU TIMUR,BELITANG MADANG RAYA,-4.0584129578984784,104.61178367574222
SUMATERA SELATAN,OGAN KOMERING ULU TIMUR,SEMENDAWAI TIMUR,-3.8906671926691705,104.83107161896156
SUMATERA SELATAN,OGAN KOMERING ULU TIMUR,JAYAPURA,-4.478072400988711,104.29647692801794
SUMATERA SELATAN,OGAN KOMERING ULU TIMUR,BELITANG JAYA,-4.207449771521644,104.68651082796231
SUMATERA SELATAN,OGAN KOMERING ULU SELATAN,BANDING AGUNG,-4.763584738946334,103.91484936812773
SUMATERA SELATAN,OGAN KOMERING ULU SELATAN,MUARA DUA KISAM,-4.406661690867952,103.72874722240061
SUMATERA SELATAN,OGAN KOMERING ULU SELATAN,SIMPANG,-4.453051682441258,104.17492552593656
SUMATERA SELATAN,OGAN KOMERING ULU SELATAN,BUAY SANDANG AJI,-4.542073993452196,103.8760974172201
SUMATERA SELATAN,OGAN KOMERING ULU SELATAN,BUAY RUNJUNG,-4.4865793227043165,103.90025926645093
SUMATERA SELATAN,OGAN KOMERING ULU SELATAN,MEKAKAU ILIR,-4.658056088261336,103.77617075834686
SUMATERA SELATAN,OGAN KOMERING ULU SELATAN,BUAY PEMACA,-4.7189897127865885,104.21488165063657
SUMATERA SELATAN,OGAN KOMERING ULU SELATAN,WARKUK RANAU SELATAN,-4.85507260307755,104.11341199855343
SUMATERA SELATAN,OGAN KOMERING ULU SELATAN,RUNJUNG AGUNG,-4.4245503795479,103.88664476553028
SUMATERA SELATAN,OGAN KOMERING ULU SELATAN,SUNGAI ARE,-4.489019959766487,103.47637927981386
SUMATERA SELATAN,OGAN KOMERING ULU SELATAN,SINDANG DANAU,-4.460428775500231,103.54905597192884
SUMATERA SELATAN,OGAN KOMERING ULU SELATAN,BUANA PEMACA,-4.553315727852601,104.21354014692187
SUMATERA SELATAN,OGAN KOMERING ULU SELATAN,TIGA DIHAJI,-4.623526110025457,103.92350616668968
SUMATERA SELATAN,OGAN KOMERING ULU SELATAN,BUAY RAWAN,-4.6417568828143185,104.04739117749078
SUMATERA SELATAN,OGAN ILIR,MUARA KUANG,-3.6676681626017262,104.5772728589649
SUMATERA SELATAN,OGAN ILIR,TANJUNG BATU,-3.3405573250313387,104.62218021837259
SUMATERA SELATAN,OGAN ILIR,TANJUNG RAJA,-3.3438043877489165,104.74359842965951
SUMATERA SELATAN,OGAN ILIR,INDRALAYA,-3.2478360653883485,104.68569534558509
SUMATERA SELATAN,OGAN ILIR,PEMULUTAN,-3.1089403577726045,104.76467527988811
SUMATERA SELATAN,OGAN ILIR,RANTAU ALAI,-3.4418203075370566,104.73337034580844
SUMATERA SELATAN,OGAN ILIR,INDRALAYA UTARA,-3.1542563734149267,104.60244371407833
SUMATERA SELATAN,OGAN ILIR,INDRALAYA SELATAN,-3.3019264491515643,104.68657753038623
SUMATERA SELATAN,OGAN ILIR,PEMULUTAN SELATAN,-3.2237698934073906,104.7817443165743
SUMATERA SELATAN,OGAN ILIR,PEMULUTAN BARAT,-3.1761877865729806,104.72905259870318
SUMATERA SELATAN,OGAN ILIR,RANTAU PANJANG,-3.285870172538226,104.76857615565028
SUMATERA SELATAN,OGAN ILIR,SUNGAI PINANG,-3.3584315987196685,104.79492193411339
SUMATERA SELATAN,OGAN ILIR,KANDIS,-3.4264957576893917,104.79256170789434
SUMATERA SELATAN,EMPAT LAWANG,MUARA PINANG,-3.860517341866709,103.08997789672848
SUMATERA SELATAN,OGAN ILIR,RAMBANG KUANG,-3.6136901575409124,104.44445614635612
SUMATERA SELATAN,OGAN ILIR,LUBUK KELIAT,-3.4884630092343825,104.62270559996028
SUMATERA SELATAN,OGAN ILIR,PAYARAMAN,-3.4350907037404474,104.52365306072427
SUMATERA SELATAN,EMPAT LAWANG,PENDOPO,-3.8351220651900557,102.96616976330364
SUMATERA SELATAN,EMPAT LAWANG,ULU MUSI,-3.7169459752089864,102.80254827215447
SUMATERA SELATAN,EMPAT LAWANG,LINTANG KANAN,-3.9386810703624344,103.01890435255739
SUMATERA SELATAN,EMPAT LAWANG,TEBING TINGGI,-3.632474026314066,103.06935691819345
SUMATERA SELATAN,EMPAT LAWANG,PASEMAH AIR KERUH,-3.869886680060366,102.76709934775084
SUMATERA SELATAN,EMPAT LAWANG,SIKAP DALAM,-3.847683215588426,102.87285104093084
SUMATERA SELATAN,EMPAT LAWANG,SALING,-3.511144659206019,103.0142698755594
SUMATERA SELATAN,PENUKAL ABAB LEMATANG ILIR,TALANG UBI,-3.283091741282767,103.8548877583399
SUMATERA SELATAN,PENUKAL ABAB LEMATANG ILIR,PENUKAL UTARA,-3.09199920205435,103.95280020542225
SUMATERA SELATAN,PENUKAL ABAB LEMATANG ILIR,PENUKAL,-3.1565806505721223,104.05096904990317
SUMATERA SELATAN,PENUKAL ABAB LEMATANG ILIR,ABAB,-3.1711848567440377,104.16516809442582
SUMATERA SELATAN,PENUKAL ABAB LEMATANG ILIR,TANAH ABANG,-3.311306644914993,104.13744889806495
SUMATERA SELATAN,MUSI RAWAS UTARA,RUPIT,-2.7448410610643914,102.82737086886672
SUMATERA SELATAN,MUSI RAWAS UTARA,RAWAS ULU,-2.626731790005313,102.75283473222609
SUMATERA SELATAN,KOTA PALEMBANG,SEBERANG ULU I,-3.0125907953505924,104.77248877195382
SUMATERA SELATAN,MUSI RAWAS UTARA,NIBUNG,-2.453406529314943,102.94729416639527
SUMATERA SELATAN,KOTA PALEMBANG,SEBERANG ULU II,-2.997319967633273,104.79010472384992
SUMATERA SELATAN,KOTA PALEMBANG,SAKO,-2.9223320249545806,104.78220960921517
SUMATERA SELATAN,MUSI RAWAS UTARA,RAWAS ILIR,-2.619274763788204,103.1745718723578
SUMATERA SELATAN,MUSI RAWAS UTARA,KARANG DAPO,-2.7510615355235077,102.99053424289627
SUMATERA SELATAN,MUSI RAWAS UTARA,KARANG JAYA,-2.921026588087211,102.62530613141334
SUMATERA SELATAN,KOTA PALEMBANG,ILIR BARAT I,-2.967166765703566,104.68447219805172
SUMATERA SELATAN,MUSI RAWAS UTARA,ULU RAWAS,-2.8161516626884695,102.32775931297586
SUMATERA SELATAN,KOTA PALEMBANG,ILIR BARAT II,-2.9982045476267656,104.74501039641397
SUMATERA SELATAN,KOTA PALEMBANG,GANDUS,-3.003643798272099,104.67059480470122
SUMATERA SELATAN,KOTA PALEMBANG,ILIR TIMUR I,-2.9727105838198162,104.7496050495314
SUMATERA SELATAN,KOTA PALEMBANG,ILIR TIMUR II,-2.965560950047831,104.77812402195418
SUMATERA SELATAN,KOTA PALEMBANG,SUKARAMI,-2.903257864770305,104.71300323512885
SUMATERA SELATAN,KOTA PALEMBANG,KEMUNING,-2.954508055969172,104.75031914501848
SUMATERA SELATAN,KOTA PALEMBANG,KALIDONI,-2.964154188267965,104.82050014153316
SUMATERA SELATAN,KOTA PALEMBANG,KERTAPATI,-3.042371038978849,104.71902199631924
SUMATERA SELATAN,KOTA PALEMBANG,PLAJU,-3.0097622815304623,104.8122896192941
SUMATERA SELATAN,KOTA PALEMBANG,ALANG-ALANG LEBAR,-2.941713591160153,104.69942770438692
SUMATERA SELATAN,KOTA PALEMBANG,SEMATANG BORANG,-2.9432273194623777,104.82452732482426
SUMATERA SELATAN,KOTA LUBUKLINGGAU,LUBUK LINGGAU BARAT I,-3.306320262535307,102.82934196931727
SUMATERA SELATAN,KOTA PAGAR ALAM,PAGAR ALAM UTARA,-4.010079207998625,103.21201140055659
SUMATERA SELATAN,KOTA LUBUKLINGGAU,LUBUK LINGGAU SELATAN I,-3.32427006321407,102.93405684043655
SUMATERA SELATAN,KOTA PAGAR ALAM,PAGAR ALAM SELATAN,-4.035784091769503,103.19442458067684
SUMATERA SELATAN,KOTA LUBUKLINGGAU,LUBUK LINGGAU TIMUR II,-3.308884835561904,102.88071242697043
SUMATERA SELATAN,KOTA LUBUKLINGGAU,LUBUK LINGGAU BARAT II,-3.2851873745848272,102.84520783107456
SUMATERA SELATAN,KOTA PAGAR ALAM,DEMPO UTARA,-4.0893022004862525,103.19949526716064
SUMATERA SELATAN,KOTA LUBUKLINGGAU,LUBUK LINGGAU UTARA I,-3.2053560207371836,102.85424822752067
SUMATERA SELATAN,KOTA PAGAR ALAM,DEMPO SELATAN,-4.12381186174723,103.33041512890152
SUMATERA SELATAN,KOTA PAGAR ALAM,DEMPO TENGAH,-4.145316262739056,103.24910319690024
SUMATERA SELATAN,KOTA LUBUKLINGGAU,LUBUK LINGGAU TIMUR I,-3.287939566658081,102.90042853969976
SUMATERA SELATAN,KOTA LUBUKLINGGAU,LUBUK LINGGAU SELATAN II,-3.2448613068637107,102.92464164142396
SUMATERA SELATAN,KOTA LUBUKLINGGAU,LUBUK LINGGAU UTARA II,-3.2579710847678083,102.87728121748675
SUMATERA SELATAN,KOTA PRABUMULIH,CAMBAI,-3.3806393118363465,104.26841437379001
SUMATERA SELATAN,KOTA PRABUMULIH,PRABUMULIH BARAT,-3.418756176599156,104.17388502500478
SUMATERA SELATAN,KOTA PRABUMULIH,PRABUMULIH TIMUR,-3.4259705106910365,104.28030039113612
SUMATERA SELATAN,KOTA PRABUMULIH,PRABUMULIH SELATAN,-3.489240114948224,104.24144700893589
SUMATERA SELATAN,KOTA PRABUMULIH,RAMBANG KPK TENGAH,-3.5192178547149404,104.2266083003094
SUMATERA SELATAN,KOTA PRABUMULIH,PRABUMULIH UTARA,-3.4165757737923097,104.21635420846708
KALIMANTAN TENGAH,KOTAWARINGIN TIMUR,PARENGGEAN,-2.028244888828268,112.78708887866165
KALIMANTAN TENGAH,KOTAWARINGIN TIMUR,BAAMANG,-2.5054927609185285,112.77909091707927
KALIMANTAN TENGAH,SUKAMARA,BALAI RIAM,-2.3448422460666185,111.16951612932714
KALIMANTAN TENGAH,KOTAWARINGIN TIMUR,MENTAWA BARU KETAPANG,-2.6031795241931333,112.88239077652842
KALIMANTAN TENGAH,KOTAWARINGIN TIMUR,MENTAYA HILIR UTARA,-2.669782362621897,112.72596157344114
KALIMANTAN TENGAH,KOTAWARINGIN TIMUR,MENTAYA HILIR SELATAN,-2.872504591100714,112.9214898285978
KALIMANTAN TENGAH,KOTAWARINGIN TIMUR,PULAU HANAUT,-2.863474878250113,113.0532370345932
KALIMANTAN TENGAH,KOTAWARINGIN TIMUR,ANTANG KALANG,-1.3824949254683967,112.60741279639174
KALIMANTAN TENGAH,KOTAWARINGIN TIMUR,TELUK SAMPIT,-3.0679842356746967,112.91401208226175
KALIMANTAN TENGAH,KOTAWARINGIN TIMUR,SERANAU,-2.533357926767935,113.08364648175431
KALIMANTAN TENGAH,KOTAWARINGIN TIMUR,CEMPAGA HULU,-1.9688433053952594,113.05091120430052
KALIMANTAN TENGAH,KOTAWARINGIN TIMUR,TELAWANG,-2.3567021484122117,112.5959040529662
KALIMANTAN TENGAH,KOTAWARINGIN TIMUR,BUKIT SANTUAI,-1.720905340025778,112.30989876350532
KALIMANTAN TENGAH,KOTAWARINGIN TIMUR,TUALAN HULU,-1.7288825541558932,112.78783396283214
KALIMANTAN TENGAH,KOTAWARINGIN TIMUR,TELAGA ANTANG,-1.5408892244109473,112.43759329457075
KALIMANTAN TENGAH,KAPUAS,SELAT,-2.993296554680675,114.38626804938554
KALIMANTAN TENGAH,KAPUAS,KAPUAS TIMUR,-3.0833678708962156,114.45775412666312
KALIMANTAN TENGAH,KAPUAS,KAPUAS KUALA,-3.339381227812073,114.30691246844799
KALIMANTAN TENGAH,KAPUAS,KAPUAS BARAT,-2.803950058105738,114.39255337430225
KALIMANTAN TENGAH,KAPUAS,PULAU PETAK,-2.911751600457581,114.49448555086089
KALIMANTAN TENGAH,KAPUAS,KAPUAS MURUNG,-2.7467583596228735,114.6258948315712
KALIMANTAN TENGAH,KAPUAS,BASARANG,-2.9670312474104406,114.30546031939907
KALIMANTAN TENGAH,KAPUAS,KAPUAS HULU,-0.8166643809020994,113.8842286578147
KALIMANTAN TENGAH,KAPUAS,TAMBAN CATUR,-3.2189755291982065,114.3759185543179
KALIMANTAN TENGAH,KAPUAS,PASAK TALAWANG,-1.0583490030237497,114.17945119043932
KALIMANTAN TENGAH,KAPUAS,MANDAU TALAWANG,-0.6541528887767193,113.96807679261757
KALIMANTAN TENGAH,KAPUAS,DADAHUP,-2.6235032754514114,114.63524950832402
KALIMANTAN TENGAH,KAPUAS,BATAGUH,-3.192588811827893,114.2786300670848
KALIMANTAN TENGAH,BARITO SELATAN,JENAMAS,-2.437690379152544,114.86417551969286
KALIMANTAN TENGAH,BARITO SELATAN,DUSUN HILIR,-2.264355509108558,114.76099235423847
KALIMANTAN TENGAH,BARITO SELATAN,KARAU KUALA,-1.9171187326582293,114.80044849654762
KALIMANTAN TENGAH,BARITO SELATAN,DUSUN UTARA,-1.4331053988037972,114.92048209865249
KALIMANTAN TENGAH,BARITO SELATAN,GN. BINTANG AWAI,-1.495383580454339,115.23522338491803
KALIMANTAN TENGAH,BARITO SELATAN,DUSUN SELATAN,-1.679843891612171,114.81813228737802
KALIMANTAN TENGAH,BARITO UTARA,MONTALLAT,-1.2439500961012406,114.82766948567696
KALIMANTAN TENGAH,BARITO UTARA,GUNUNG TIMANG,-1.2391288554643949,115.19673239055103
KALIMANTAN TENGAH,BARITO UTARA,GUNUNG PUREI,-1.1925039927238337,115.61085387764656
KALIMANTAN TENGAH,BARITO UTARA,TEWEH TIMUR,-1.023603378258344,115.39038013427475
KALIMANTAN TENGAH,BARITO UTARA,TEWEH TENGAH,-0.9767126507550633,114.67632651244499
KALIMANTAN TENGAH,BARITO UTARA,TEWEH BARU,-1.0090086328705512,115.08751546929155
KALIMANTAN TENGAH,BARITO UTARA,TEWEH SELATAN,-1.0931124178103957,114.91615813154401
KALIMANTAN TENGAH,BARITO UTARA,LAHEI BARAT,-0.7367475804047515,114.90905372166368
KALIMANTAN TENGAH,KATINGAN,KAMIPANG,-2.328698291621501,113.41314949025607
KALIMANTAN TENGAH,KATINGAN,KATINGAN HILIR,-1.8916076970338584,113.38433085855009
KALIMANTAN TENGAH,KATINGAN,TEWANG SANGALANG GARING,-1.7484145474876653,113.3379022956685
KALIMANTAN TENGAH,KATINGAN,PULAU MALAN,-1.629781956295674,113.21127798349177
KALIMANTAN TENGAH,KATINGAN,KATINGAN TENGAH,-1.4369283292166346,112.98271029657256
KALIMANTAN TENGAH,KATINGAN,SANAMAN MANTIKEI,-1.203043382340709,113.09071856904416
KALIMANTAN TENGAH,KATINGAN,MARIKIT,-0.9512197803449846,112.62948170844076
KALIMANTAN TENGAH,KATINGAN,KATINGAN HULU,-1.059784637154837,112.34964677065769
KALIMANTAN TENGAH,KATINGAN,MENDAWAI,-2.7128042956829104,113.40603632648913
KALIMANTAN TENGAH,KATINGAN,KATINGAN KUALA,-3.0744416061966175,113.45482020552924
KALIMANTAN TENGAH,KATINGAN,TASIK PAYAWAN,-2.0509551214776804,113.44384267756676
KALIMANTAN TENGAH,KATINGAN,PETAK MALAI,-0.7826651001236576,112.94520598640162
KALIMANTAN TENGAH,KATINGAN,BUKIT RAYA,-0.9233362492593647,112.21665032888264
KALIMANTAN TENGAH,SERUYAN,SERUYAN TENGAH,-1.8928367828385764,112.1045286865627
KALIMANTAN TENGAH,SERUYAN,DANAU SEMBULUH,-2.75843312739691,112.20780568802127
KALIMANTAN TENGAH,SERUYAN,HANAU,-2.546525527169283,112.13717392650602
KALIMANTAN TENGAH,SERUYAN,SERUYAN RAYA,-2.531518270186586,112.39923902733311
KALIMANTAN TENGAH,SERUYAN,DANAU SELULUK,-2.3523108775099,112.25779702904107
KALIMANTAN TENGAH,SERUYAN,BATU AMPAR,-2.245835243444474,112.14450299796268
KALIMANTAN TENGAH,SERUYAN,SULING TAMBUN,-1.3080843290345743,111.64247145965443
KALIMANTAN TENGAH,SUKAMARA,PANTAI LUNCI,-2.889324471160851,111.16180178387067
KALIMANTAN TENGAH,SUKAMARA,PERMATA KECUBUNG,-2.19926184135779,111.20949449431488
KALIMANTAN TENGAH,LAMANDAU,DELANG,-1.6438930740129951,111.02934855049547
KALIMANTAN TENGAH,LAMANDAU,LAMANDAU,-1.9136593833661195,111.17797558254388
KALIMANTAN TENGAH,LAMANDAU,BULIK,-2.114301562152941,111.42391301220762
KALIMANTAN TENGAH,LAMANDAU,BULIK TIMUR,-1.725741572962859,111.63878068854164
KALIMANTAN TENGAH,LAMANDAU,MENTHOBI RAYA,-1.9966908390272213,111.69460631848379
KALIMANTAN TENGAH,LAMANDAU,SEMATU JAYA,-2.235371322349296,111.55627530290928
KALIMANTAN TENGAH,LAMANDAU,BELANTIKAN RAYA,-1.5991671415738993,111.41176558821122
KALIMANTAN TENGAH,LAMANDAU,BATANG KAWA,-1.635147099454393,111.21468973959423
KALIMANTAN TENGAH,GUNUNG MAS,SEPANG SIMIN,-1.5039188989103256,113.87092307726358
KALIMANTAN TENGAH,GUNUNG MAS,KAHAYAN HULU UTARA,-0.8722959169497262,113.53288021696936
KALIMANTAN TENGAH,BARITO TIMUR,PEMATANG KARAU,-1.8353078689966866,115.0278812985339
RIAU,BENGKALIS,PINGGIR,1.319173067143094,101.4754738677726
KALIMANTAN TENGAH,GUNUNG MAS,MIHING RAYA,-1.3563357351753496,113.88632480218506
KALIMANTAN TENGAH,GUNUNG MAS,DAMANG BATU,-0.7169687672922804,113.28398330177956
KALIMANTAN TENGAH,GUNUNG MAS,MIRI MANASA,-0.5675872090714063,113.57868608470989
KALIMANTAN TENGAH,GUNUNG MAS,RUNGAN HULU,-1.0904087627383672,113.52885474658501
KALIMANTAN TENGAH,GUNUNG MAS,MAHUNING RAYA,-1.1692357064474033,113.28768398409112
KALIMANTAN TENGAH,GUNUNG MAS,RUNGAN BARAT,-1.1800202153652455,113.4497845168267
KALIMANTAN TENGAH,PULANG PISAU,PANDIH BATU,-3.0782181661204016,114.11121824000654
KALIMANTAN TENGAH,PULANG PISAU,KAHAYAN KUALA,-3.2809968768948448,113.96419326320371
KALIMANTAN TENGAH,PULANG PISAU,KAHAYAN TENGAH,-2.0105495252532006,113.97790846102852
KALIMANTAN TENGAH,PULANG PISAU,BANAMA TINGANG,-1.7125152591714592,113.90249153363828
KALIMANTAN TENGAH,PULANG PISAU,KAHAYAN HILIR,-2.7614145060334674,114.20281196478876
KALIMANTAN TENGAH,PULANG PISAU,MALIKU,-2.954131810837284,114.1621912242615
KALIMANTAN TENGAH,PULANG PISAU,JABIREN,-2.447570483581265,114.19374140876675
KALIMANTAN TENGAH,PULANG PISAU,SEBANGAU KUALA,-2.8352281747984702,113.83760590405488
KALIMANTAN TENGAH,MURUNG RAYA,MURUNG,-0.7295793040763241,114.54716674911901
KALIMANTAN TENGAH,MURUNG RAYA,TANAH SIANG,-0.3510864125718838,114.52809189616804
KALIMANTAN TENGAH,MURUNG RAYA,LAUNG TUHUP,-0.3953161925333562,114.72861180220369
KALIMANTAN TENGAH,MURUNG RAYA,PERMATA INTAN,-0.7307205368477863,114.26259367398143
KALIMANTAN TENGAH,MURUNG RAYA,SUMBER BARITO,-0.4045627763173733,114.15635356927977
KALIMANTAN TENGAH,MURUNG RAYA,BARITO TUHUP RAYA,-0.35727290992373095,114.91221385737263
KALIMANTAN TENGAH,MURUNG RAYA,TANAH SIANG SELATAN,-0.656193441617464,114.44868398538047
KALIMANTAN TENGAH,MURUNG RAYA,SUNGAI BABUAT,-0.5247080110803011,114.35872081841696
KALIMANTAN TENGAH,BARITO TIMUR,BANUA LIMA,-2.2519996705064584,115.11578784132507
KALIMANTAN TENGAH,BARITO TIMUR,PATANGKEP TUTUI,-1.9920854106484602,115.34841560405432
KALIMANTAN TENGAH,BARITO TIMUR,AWANG,-1.958257178903703,115.25974676494666
KALIMANTAN TENGAH,BARITO TIMUR,DUSUN TENGAH,-1.797394745988487,115.21319250322314
KALIMANTAN TENGAH,BARITO TIMUR,PAJU EPAT,-2.12416785125476,115.01326570422721
KALIMANTAN TENGAH,BARITO TIMUR,RAREN BATUAH,-1.6897934905167111,115.22273155149269
KALIMANTAN TENGAH,BARITO TIMUR,PAKU,-1.8989974208866052,115.19393845617182
KALIMANTAN TENGAH,BARITO TIMUR,KARUSEN JANANG,-1.9550804643784896,115.08083607633581
KALIMANTAN TENGAH,KOTA PALANGKARAYA,PAHANDUT,-2.2132011666994655,113.95271706735508
KALIMANTAN TENGAH,KOTA PALANGKARAYA,BUKIT BATU,-2.006167128495343,113.74585922528668
KALIMANTAN TENGAH,KOTA PALANGKARAYA,JEKAN RAYA,-2.196326129032753,113.81242874374512
KALIMANTAN TENGAH,KOTA PALANGKARAYA,SABANGAU,-2.3079365189057293,113.91585480589968
KALIMANTAN TENGAH,KOTA PALANGKARAYA,RAKUMPIT,-1.7643736720605465,113.65939887140306
KALIMANTAN TENGAH,KOTAWARINGIN BARAT,KUMAI,-2.9352710410122236,111.83702002097716
KALIMANTAN TENGAH,KOTAWARINGIN BARAT,ARUT SELATAN,-2.532752647009521,111.60712899095735
KALIMANTAN TENGAH,KOTAWARINGIN BARAT,KOTAWARINGIN LAMA,-2.4712675736854717,111.4168409725149
KALIMANTAN TENGAH,KOTAWARINGIN BARAT,ARUT UTARA,-2.019355097799413,111.89789394125873
KALIMANTAN TENGAH,KOTAWARINGIN BARAT,PANGKALAN LADA,-2.5141040297810218,111.77592061826046
KALIMANTAN TENGAH,KOTAWARINGIN BARAT,PANGKALAN BANTENG,-2.453823883766213,111.92898403451532
KALIMANTAN TENGAH,KOTAWARINGIN TIMUR,KOTA BESI,-2.3399741179377904,112.82505057308077
KALIMANTAN TENGAH,KOTAWARINGIN TIMUR,CEMPAGA,-2.2517726285766377,113.02279813057338
KALIMANTAN TENGAH,KOTAWARINGIN TIMUR,MENTAYA HULU,-2.067172657372042,112.52031896592983
KALIMANTAN TENGAH,KAPUAS,MANTANGAI,-1.9608430014705482,114.3033985482398
KALIMANTAN TENGAH,KAPUAS,TIMPAH,-1.5774549499780857,114.54929930881823
KALIMANTAN TENGAH,KAPUAS,KAPUAS TENGAH,-1.1873179892484935,114.37657150534552
KALIMANTAN TENGAH,BARITO UTARA,LAHEI,-0.5773829772757448,115.17048557546732
KALIMANTAN TENGAH,SERUYAN,SERUYAN HILIR,-3.08321041947521,112.31856842833801
KALIMANTAN TENGAH,SERUYAN,SERUYAN HULU,-1.1543176830549258,111.92975861535864
KALIMANTAN TENGAH,SERUYAN,SERUYAN HILIR TIMUR,-3.1373960000349204,112.69929192599254
KALIMANTAN TENGAH,SUKAMARA,SUKAMARA,-2.6041807525888303,111.23123377269047
KALIMANTAN TENGAH,SUKAMARA,JELAI,-2.9481827444924997,110.89805861311125
KALIMANTAN TENGAH,GUNUNG MAS,KURUN,-1.1722540637254537,113.86629882304514
KALIMANTAN TENGAH,GUNUNG MAS,TEWAH,-1.028244786306969,113.69934848399164
KALIMANTAN TENGAH,GUNUNG MAS,RUNGAN,-1.4028442252476672,113.6459790603967
KALIMANTAN TENGAH,GUNUNG MAS,MANUHING,-1.4740691576455212,113.45739653886346
KALIMANTAN TENGAH,MURUNG RAYA,SERIBU RIAM,0.0877413955374742,113.77977058605539
KALIMANTAN TENGAH,MURUNG RAYA,UUT MURUNG,0.2797820826381879,114.54993290217111
KALIMANTAN TENGAH,BARITO TIMUR,DUSUN TIMUR,-2.1077783366492655,115.17265438457608
RIAU,BENGKALIS,BUKIT BATU,1.3598525256011236,101.98386346975613
RIAU,BENGKALIS,BUKIT BATU,1.5668097323010808,101.72631427774236
RIAU,BENGKALIS,PINGGIR,1.142741035175136,101.28875294416922
RIAU,BENGKALIS,MANDAU,1.2608312874990626,101.23226524555095
