provinsi,Kab_Kota,Kecamatan,hotspot_kemarin,hotspot_2hari_lalu,hotspot_3hari_lalu,curah_hujan_avg_7d,suhu_avg_7d,kelembaban_avg_7d,hari_tanpa_hujan,bulan,hari_dalam_tahun,skor_risiko,kategori_risiko,model_terlatih,tanggal_prediksi
Riau,KAMPAR,BANGKINANG,0,0,0,5.228571428571428,26.957142857142856,85.0,2,10,281,0.1443506230450993,Rendah,True,2026-10-08
Riau,INDRAGIRI HILIR,ENOK,0,0,0,2.0857142857142854,27.400000000000002,84.57142857142857,3,10,281,0.5081153424193591,Sedang,True,2026-10-08
Riau,ROKAN HULU,BONAI DARUSSALAM,0,0,0,9.357142857142858,26.814285714285713,87.71428571428571,1,10,281,0.5536976960036859,Sedang,True,2026-10-08
Riau,INDRAGIRI HULU,LUBUK BATU JAYA,0,0,0,2.771428571428571,27.114285714285717,84.0,3,10,281,0.05910373305669991,Rendah,True,2026-10-08
Riau,ROKAN HILIR,RANTAU KOPAR,0,0,0,9.485714285714284,27.02857142857143,86.85714285714286,1,10,281,0.23186599320395945,Rendah,True,2026-10-08
Sumatera Selatan,BANYUASIN,SUMBER MARGA TELANG,0,0,0,0.4,30.2,61.0,1,10,281,0.3148351544910892,Sedang,True,2026-10-08
Sumatera Selatan,OGAN KOMERING ILIR,PEDAMARAN TIMUR,0,0,0,0.45999999999999996,29.74,64.6,2,10,281,0.7936645023912209,Tinggi,True,2026-10-08
Riau,KAMPAR,KAMPAR TIMUR,0,0,0,7.066666666666666,27.13333333333333,85.0,2,10,281,0.16893411553431115,Rendah,True,2026-10-08
Riau,INDRAGIRI HILIR,TEMPULING,0,0,0,4.185714285714286,27.228571428571428,84.57142857142857,3,10,281,0.7208588262497905,Tinggi,True,2026-10-08
Sumatera Selatan,OGAN KOMERING ULU TIMUR,BUAY PEMUKA BANGSA RAJA,0,0,0,0.8428571428571431,29.900000000000002,61.714285714285715,4,10,281,0.5807366675965416,Sedang,True,2026-10-08
Riau,INDRAGIRI HILIR,GAUNG ANAK SERKA,0,0,0,2.485714285714286,27.514285714285712,84.28571428571429,0,10,281,0.3532289135635722,Sedang,True,2026-10-08
Riau,INDRAGIRI HILIR,KEMPAS,0,0,0,1.2000000000000002,27.8,82.66666666666667,1,10,281,0.8841392276619048,Tinggi,True,2026-10-08
Riau,ROKAN HULU,PENDALIAN IV KOTO,0,0,0,13.5,25.85,91.0,0,10,281,0.12452586416201308,Rendah,True,2026-10-08
Riau,KAMPAR,BANGKINANG KOTA,0,0,0,5.85,26.65,89.0,0,10,281,0.5632399352166696,Sedang,True,2026-10-08
Riau,INDRAGIRI HILIR,KEMUNING,0,0,0,4.619999999999999,26.68,84.0,2,10,281,0.7981253078848299,Tinggi,True,2026-10-08
Sumatera Selatan,OGAN KOMERING ULU SELATAN,MUARA DUA,0,0,0,1.5,28.216666666666665,69.0,0,10,281,0.9082611936996869,Tinggi,True,2026-10-08
Sumatera Selatan,OGAN KOMERING ULU SELATAN,PULAU BERINGIN,0,0,0,1.0166666666666668,20.566666666666666,82.0,3,10,281,0.3009342713604533,Sedang,True,2026-10-08
Sumatera Selatan,OGAN KOMERING ULU SELATAN,KISAM TINGGI,0,0,0,3.1000000000000005,22.5,80.42857142857143,0,10,281,0.35073845498376927,Sedang,True,2026-10-08
Sumatera Selatan,OGAN KOMERING ULU SELATAN,KISAM ILIR,0,0,0,2.8857142857142857,25.271428571428576,74.85714285714286,0,10,281,0.004205562696104148,Rendah,True,2026-10-08
Sumatera Selatan,EMPAT LAWANG,TALANG PADANG,0,0,0,2.385714285714286,25.714285714285715,77.0,4,10,281,0.4936300617546212,Sedang,True,2026-10-08
Riau,INDRAGIRI HILIR,TELUK BELENGKONG,0,0,0,2.033333333333333,27.433333333333334,85.33333333333333,0,10,281,0.22921010406843062,Rendah,True,2026-10-08
Riau,INDRAGIRI HILIR,PELANGIRAN,0,0,0,1.0666666666666667,27.900000000000002,82.66666666666667,1,10,281,0.4906715678305811,Sedang,True,2026-10-08
Riau,INDRAGIRI HILIR,PULAU BURUNG,0,0,0,2.3333333333333335,27.53333333333333,84.66666666666667,0,10,281,0.08769492182048283,Rendah,True,2026-10-08
Riau,ROKAN HULU,KEPENUHAN HULU,0,0,0,19.5,26.2,90.5,0,10,281,0.0482218521991933,Rendah,True,2026-10-08
Sumatera Selatan,EMPAT LAWANG,PENDOPO BARAT,0,0,0,1.4000000000000001,27.228571428571428,70.85714285714286,4,10,281,0.6564346787984822,Tinggi,True,2026-10-08
Riau,KAMPAR,KAMPAR,0,0,0,9.083333333333332,26.966666666666665,86.16666666666667,1,10,281,0.09833931865479319,Rendah,True,2026-10-08
Riau,KAMPAR,TAMBANG,0,0,0,6.433333333333333,27.03333333333333,86.0,1,10,281,0.10635679675913433,Rendah,True,2026-10-08
Riau,KAMPAR,KUOK,0,0,0,13.666666666666666,26.349999999999998,86.5,1,10,281,0.07810251108383152,Rendah,True,2026-10-08
Riau,KAMPAR,SIAK HULU,0,0,0,4.257142857142858,27.314285714285713,84.85714285714286,2,10,281,0.527884583432073,Sedang,True,2026-10-08
Riau,KAMPAR,SALO,0,0,0,7.1000000000000005,27.028571428571432,83.85714285714286,2,10,281,0.09501725402641215,Rendah,True,2026-10-08
Riau,KAMPAR,RUMBIO JAYA,0,0,0,1.9500000000000002,27.25,83.5,1,10,281,0.045526013014180536,Rendah,True,2026-10-08
Riau,KAMPAR,XIII KOTO KAMPAR,0,0,0,6.42,27.139999999999997,82.6,0,10,281,0.7079248882483589,Tinggi,True,2026-10-08
Riau,INDRAGIRI HILIR,TANAH MERAH,0,0,0,1.6250000000000002,27.799999999999997,82.75,0,10,281,0.0794675625097606,Rendah,True,2026-10-08
Riau,KAMPAR,KAMPAR KIRI,0,0,0,5.1,26.75,85.5,1,10,281,0.7835601746780905,Tinggi,True,2026-10-08
Riau,KAMPAR,KAMPAR KIRI HILIR,0,0,0,7.566666666666667,27.266666666666666,84.5,1,10,281,0.3429946365604186,Sedang,True,2026-10-08
Riau,INDRAGIRI HILIR,BATANG TUAKA,0,0,0,3.5499999999999994,27.650000000000002,83.66666666666667,0,10,281,0.4434703319071824,Sedang,True,2026-10-08
Riau,KAMPAR,KAMPAR KIRI HULU,0,0,0,7.233333333333334,25.333333333333332,83.66666666666667,2,10,281,0.6724533881353125,Tinggi,True,2026-10-08
Riau,KAMPAR,TAPUNG HULU,0,0,0,7.599999999999999,26.866666666666664,87.0,1,10,281,0.11107855303580556,Rendah,True,2026-10-08
Riau,KAMPAR,TAPUNG,0,0,0,9.575000000000001,26.75,89.0,0,10,281,0.49823335914872735,Sedang,True,2026-10-08
Riau,KAMPAR,TAPUNG HILIR,0,0,0,9.066666666666666,26.73333333333333,87.0,0,10,281,0.06720955878066869,Rendah,True,2026-10-08
Riau,KAMPAR,KAMPAR UTARA,0,0,0,5.949999999999999,27.275,83.25,0,10,281,0.02455726883724858,Rendah,True,2026-10-08
Riau,KAMPAR,PERHENTIAN RAJA,0,0,0,4.614285714285714,27.228571428571428,85.14285714285714,2,10,281,0.0869836701337137,Rendah,True,2026-10-08
Riau,KAMPAR,KAMPAR KIRI TENGAH,0,0,0,6.2857142857142865,27.028571428571432,86.28571428571429,1,10,281,0.00883875713873557,Rendah,True,2026-10-08
Riau,KAMPAR,GUNUNG SAHILAN,0,0,0,6.25,27.3,83.75,1,10,281,0.039169397656762986,Rendah,True,2026-10-08
Riau,KAMPAR,KOTO KAMPAR HULU,0,0,0,9.0,26.22,85.4,0,10,281,0.5937330902274235,Sedang,True,2026-10-08
Riau,INDRAGIRI HULU,RENGAT,0,0,0,0.6,27.5,83.66666666666667,3,10,281,0.5509373667573069,Sedang,True,2026-10-08
Riau,INDRAGIRI HULU,RENGAT BARAT,0,0,0,6.449999999999999,26.95,86.5,1,10,281,0.7312188135639772,Tinggi,True,2026-10-08
Riau,INDRAGIRI HULU,SIBERIDA,0,0,0,3.3000000000000007,27.05,85.0,2,10,281,0.8026889506397511,Tinggi,True,2026-10-08
Riau,INDRAGIRI HULU,KELAYANG,0,0,0,3.7600000000000002,26.98,86.2,2,10,281,0.7817394413743427,Tinggi,True,2026-10-08
Riau,INDRAGIRI HULU,PERANAP,0,0,0,5.6000000000000005,26.7,85.83333333333333,1,10,281,0.8286864379178754,Tinggi,True,2026-10-08
Riau,INDRAGIRI HULU,BATANG CENAKU,0,0,0,6.58,26.839999999999996,85.4,1,10,281,0.7993476143038108,Tinggi,True,2026-10-08
Riau,INDRAGIRI HULU,BATANG GANGSAL,0,0,0,1.2599999999999998,25.620000000000005,80.8,3,10,281,0.930735648271714,Tinggi,True,2026-10-08
Riau,INDRAGIRI HULU,LIRIK,0,0,0,1.7333333333333332,27.483333333333334,82.16666666666667,2,10,281,0.16848261732766523,Rendah,True,2026-10-08
Riau,INDRAGIRI HULU,KUALA CENAKU,0,0,0,0.7000000000000001,27.45,84.0,2,10,281,0.1328507326320065,Rendah,True,2026-10-08
Riau,INDRAGIRI HULU,SUNGAI LALA,0,0,0,2.183333333333333,27.316666666666666,84.83333333333333,2,10,281,0.29708422694361525,Sedang,True,2026-10-08
Riau,INDRAGIRI HULU,RAKIT KULIM,0,0,0,4.45,26.900000000000002,86.16666666666667,2,10,281,0.8098595939385898,Tinggi,True,2026-10-08
Riau,BENGKALIS,BATHIN SOLAPAN,0,0,0,7.916666666666667,27.133333333333336,86.16666666666667,1,10,281,0.7549424179391615,Tinggi,True,2026-10-08
Riau,INDRAGIRI HILIR,GAUNG,0,0,0,10.333333333333332,26.400000000000002,89.66666666666667,0,10,281,0.2583572377106355,Rendah,True,2026-10-08
Kalimantan Tengah,KAPUAS,KAPUAS HILIR,0,0,0,0.5833333333333334,29.96666666666667,65.33333333333333,5,10,281,0.7271505330003276,Tinggi,True,2026-10-08
Riau,INDRAGIRI HULU,BATANG PERANAP,0,0,0,4.279999999999999,26.919999999999998,84.6,1,10,281,0.8731252590324968,Tinggi,True,2026-10-08
Riau,BENGKALIS,BENGKALIS,0,0,0,3.25,27.6,85.5,0,10,281,0.04871148248608478,Rendah,True,2026-10-08
Riau,BENGKALIS,BANTAN,0,0,0,5.966666666666666,27.5,87.0,0,10,281,0.03279847847877107,Rendah,True,2026-10-08
Riau,INDRAGIRI HILIR,TEMBILAHAN HULU,0,0,0,2.2749999999999995,27.775,83.0,2,10,281,0.10241663802313665,Rendah,True,2026-10-08
Riau,BENGKALIS,BANDAR LAKSAMANA,0,0,0,5.92857142857143,27.485714285714284,82.71428571428571,1,10,281,0.320153894311952,Sedang,True,2026-10-08
Riau,BENGKALIS,SIAK KECIL,0,0,0,3.5666666666666664,27.299999999999997,85.83333333333333,2,10,281,0.20494009006864947,Rendah,True,2026-10-08
Riau,BENGKALIS,RUPAT,0,0,0,10.533333333333333,26.916666666666668,87.66666666666667,1,10,281,0.02725766813611811,Rendah,True,2026-10-08
Riau,BENGKALIS,RUPAT UTARA,0,0,0,7.366666666666666,27.48333333333333,85.5,2,10,281,0.010001468878257716,Rendah,True,2026-10-08
Riau,BENGKALIS,TALANG MUANDAU,0,0,0,4.0,27.63333333333333,83.5,2,10,281,0.8582680569533996,Tinggi,True,2026-10-08
Riau,INDRAGIRI HILIR,RETEH,0,0,0,4.766666666666667,27.133333333333336,86.0,1,10,281,0.40458672691031383,Sedang,True,2026-10-08
Riau,INDRAGIRI HILIR,KUALA INDRAGIRI,0,0,0,1.44,27.78,81.6,3,10,281,0.18964637979881396,Rendah,True,2026-10-08
Riau,INDRAGIRI HILIR,TEMBILAHAN,0,0,0,4.233333333333333,27.61666666666667,83.5,0,10,281,0.10025276066005538,Rendah,True,2026-10-08
Riau,INDRAGIRI HILIR,MANDAH,0,0,0,3.3499999999999996,27.549999999999997,84.0,1,10,281,0.7796526787784308,Tinggi,True,2026-10-08
Riau,INDRAGIRI HILIR,KATEMAN,0,0,0,1.525,27.725,82.5,1,10,281,0.01863339975432327,Rendah,True,2026-10-08
Riau,INDRAGIRI HILIR,KERITANG,0,0,0,2.3249999999999997,27.075,87.5,1,10,281,0.7482376780253341,Tinggi,True,2026-10-08
Riau,PELALAWAN,PANGKALAN KERINCI,0,0,0,3.6599999999999993,27.5,83.4,1,10,281,0.9303009557699272,Tinggi,True,2026-10-08
Riau,PELALAWAN,PELALAWAN,0,0,0,2.6666666666666665,27.233333333333334,85.5,2,10,281,0.49958961764682974,Sedang,True,2026-10-08
Riau,PELALAWAN,UKUI,0,0,0,2.8666666666666667,26.78333333333333,85.66666666666667,2,10,281,0.8913460394782368,Tinggi,True,2026-10-08
Riau,PELALAWAN,PANGKALAN KURAS,0,0,0,3.2000000000000006,27.150000000000002,83.83333333333333,2,10,281,0.8950615735950747,Tinggi,True,2026-10-08
Riau,PELALAWAN,PANGKALAN LESUNG,0,0,0,3.966666666666667,27.066666666666666,85.33333333333333,2,10,281,0.10497601273200362,Rendah,True,2026-10-08
Riau,ROKAN HULU,KUNTO DARUSSALAM,0,0,0,12.22,26.74,87.6,0,10,281,0.03195541953085655,Rendah,True,2026-10-08
Riau,PELALAWAN,LANGGAM,0,0,0,4.1,27.24,83.8,2,10,281,0.8973411013259549,Tinggi,True,2026-10-08
Riau,ROKAN HULU,KABUN,0,0,0,10.125,26.725,87.0,0,10,281,0.4048235212942284,Sedang,True,2026-10-08
Riau,PELALAWAN,KERUMUTAN,0,0,0,1.3,27.566666666666666,81.83333333333333,3,10,281,0.6829370008208037,Tinggi,True,2026-10-08
Riau,PELALAWAN,BUNUT,0,0,0,3.46,27.24,85.0,2,10,281,0.15714702332894048,Rendah,True,2026-10-08
Riau,PELALAWAN,BANDAR PETALANGAN,0,0,0,2.1333333333333333,27.05,84.16666666666667,3,10,281,0.2583711695106426,Rendah,True,2026-10-08
Riau,PELALAWAN,TELUK MERANTI,0,0,0,6.2749999999999995,26.825000000000003,88.0,1,10,281,0.6743547938103172,Tinggi,True,2026-10-08
Riau,PELALAWAN,KUALA KAMPAR,0,0,0,5.339999999999999,27.659999999999997,85.0,0,10,281,0.38773394781857484,Sedang,True,2026-10-08
Riau,PELALAWAN,BANDAR SEI KIJANG,0,0,0,3.7333333333333343,27.049999999999997,85.5,1,10,281,0.0492893484972038,Rendah,True,2026-10-08
Riau,ROKAN HULU,ROKAN IV KOTO,0,0,0,6.871428571428572,26.228571428571428,86.71428571428571,0,10,281,0.7082213867163504,Tinggi,True,2026-10-08
Riau,ROKAN HULU,RAMBAH,0,0,0,3.075,27.474999999999998,82.25,1,10,281,0.8496209154730955,Tinggi,True,2026-10-08
Riau,ROKAN HULU,TAMBUSAI,0,0,0,7.800000000000001,26.900000000000002,85.33333333333333,0,10,281,0.3383625957273968,Sedang,True,2026-10-08
Riau,ROKAN HULU,KEPENUHAN,0,0,0,7.45,27.35,85.0,0,10,281,0.24418015344929803,Rendah,True,2026-10-08
Riau,ROKAN HULU,RAMBAH SAMO,0,0,0,10.84,26.6,86.0,1,10,281,0.8187162095029906,Tinggi,True,2026-10-08
Riau,ROKAN HULU,RAMBAH HILIR,0,0,0,8.457142857142859,27.214285714285715,84.85714285714286,1,10,281,0.6115111269176972,Sedang,True,2026-10-08
Riau,ROKAN HULU,TAMBUSAI UTARA,0,0,0,7.924999999999999,26.799999999999997,86.75,0,10,281,0.29531358813414027,Sedang,True,2026-10-08
Riau,ROKAN HULU,BANGUN PURBA,0,0,0,8.383333333333335,26.916666666666668,85.0,0,10,281,0.16794568592389067,Rendah,True,2026-10-08
Riau,ROKAN HULU,TANDUN,0,0,0,7.283333333333334,26.45,87.16666666666667,1,10,281,0.08547653086519577,Rendah,True,2026-10-08
Riau,SIAK,PUSAKO,0,0,0,2.183333333333333,27.816666666666666,81.5,0,10,281,0.07269536140441962,Rendah,True,2026-10-08
Riau,ROKAN HILIR,KUBU,0,0,0,10.250000000000002,26.78333333333333,88.83333333333333,0,10,281,0.023258698425689596,Rendah,True,2026-10-08
Riau,ROKAN HILIR,BAGAN SINEMBAH,0,0,0,12.225,26.375,91.5,0,10,281,0.45511076271813505,Sedang,True,2026-10-08
Riau,ROKAN HILIR,BANGKO,0,0,0,16.559999999999995,26.659999999999997,90.0,0,10,281,0.07144943551285426,Rendah,True,2026-10-08
Riau,KUANTAN SINGINGI,KUANTAN MUDIK,0,0,0,3.54,26.639999999999997,81.0,0,10,281,0.8586599293150119,Tinggi,True,2026-10-08
Riau,ROKAN HILIR,TANAH PUTIH,0,0,0,8.44,27.02,88.0,1,10,281,0.6280800272869766,Sedang,True,2026-10-08
Riau,ROKAN HILIR,RIMBA MELINTANG,0,0,0,10.22,27.1,86.8,1,10,281,0.0906130901806848,Rendah,True,2026-10-08
Riau,ROKAN HILIR,SIMPANG KANAN,0,0,0,7.5200000000000005,27.119999999999997,87.0,1,10,281,0.35651451862873235,Sedang,True,2026-10-08
Riau,ROKAN HILIR,PASIR LIMAU KAPAS,0,0,0,9.059999999999999,26.9,88.4,0,10,281,0.3167387537079531,Sedang,True,2026-10-08
Riau,ROKAN HILIR,SINABOI,0,0,0,11.566666666666668,26.916666666666668,88.33333333333333,0,10,281,0.13352146886158886,Rendah,True,2026-10-08
Riau,ROKAN HILIR,BATU HAMPAR,0,0,0,10.5,27.4,85.75,0,10,281,0.0033498990939134724,Rendah,True,2026-10-08
Riau,ROKAN HILIR,PUJUD,0,0,0,8.799999999999999,26.928571428571427,87.0,0,10,281,0.48037265345767066,Sedang,True,2026-10-08
Riau,ROKAN HILIR,TANAH PUTIH TANJUNG MELAWAN,0,0,0,10.416666666666668,27.099999999999998,87.33333333333333,1,10,281,0.2144711521858763,Rendah,True,2026-10-08
Riau,ROKAN HILIR,BANGKO PUSAKO,0,0,0,11.466666666666667,26.5,91.66666666666667,0,10,281,0.46592075858992815,Sedang,True,2026-10-08
Riau,ROKAN HILIR,PEKAITAN,0,0,0,10.325,27.375,85.5,1,10,281,0.055191132598170996,Rendah,True,2026-10-08
Riau,ROKAN HILIR,KUBU BABUSSALAM,0,0,0,12.325,26.75,89.25,1,10,281,0.49105871929855605,Sedang,True,2026-10-08
Riau,SIAK,SIAK,0,0,0,5.92,27.04,87.8,0,10,281,0.14925902616837664,Rendah,True,2026-10-08
Riau,SIAK,DAYUN,0,0,0,1.9333333333333336,27.433333333333334,84.16666666666667,2,10,281,0.38229914790171515,Sedang,True,2026-10-08
Riau,SIAK,SUNGAI APIT,0,0,0,4.32,27.139999999999997,86.6,3,10,281,0.19385286492826528,Rendah,True,2026-10-08
Riau,SIAK,KERINCI KANAN,0,0,0,5.84,26.78,88.2,0,10,281,0.028953601286181192,Rendah,True,2026-10-08
Riau,SIAK,MINAS,0,0,0,7.175000000000001,26.924999999999997,85.75,0,10,281,0.8129917651402073,Tinggi,True,2026-10-08
Riau,SIAK,BUNGA RAYA,0,0,0,3.2749999999999995,27.375,85.25,1,10,281,0.2571703992174387,Rendah,True,2026-10-08
Riau,SIAK,TUALANG,0,0,0,4.35,27.875,82.5,2,10,281,0.794129356614992,Tinggi,True,2026-10-08
Riau,SIAK,SUNGAI MANDAU,0,0,0,3.1199999999999997,27.579999999999995,83.2,2,10,281,0.4611182540975002,Sedang,True,2026-10-08
Riau,SIAK,KOTO GASIB,0,0,0,3.771428571428572,27.47142857142857,85.28571428571429,0,10,281,0.019183492487947443,Rendah,True,2026-10-08
Riau,SIAK,MEMPURA,0,0,0,2.5714285714285707,27.47142857142857,85.14285714285714,2,10,281,0.04500851665025988,Rendah,True,2026-10-08
Riau,KOTA PEKANBARU,MARPOYAN DAMAI,0,0,0,6.16,27.459999999999997,84.6,1,10,281,0.038504029768477235,Rendah,True,2026-10-08
Riau,SIAK,KANDIS,0,0,0,9.816666666666666,27.23333333333333,86.16666666666667,2,10,281,0.4357510053261435,Sedang,True,2026-10-08
Riau,SIAK,SABAK AUH,0,0,0,4.119999999999999,27.8,83.4,1,10,281,0.07384732218759105,Rendah,True,2026-10-08
Riau,KUANTAN SINGINGI,CERENTI,0,0,0,1.875,26.8,85.75,1,10,281,0.6210694413767464,Sedang,True,2026-10-08
Riau,KOTA DUMAI,DUMAI TIMUR,0,0,0,4.557142857142858,28.085714285714285,82.28571428571429,2,10,281,0.9255339877085234,Tinggi,True,2026-10-08
Riau,KUANTAN SINGINGI,GUNUNGTOAR,0,0,0,4.2,26.833333333333332,83.66666666666667,0,10,281,0.6423086369106668,Tinggi,True,2026-10-08
Riau,KUANTAN SINGINGI,KUANTAN TENGAH,0,0,0,3.7,26.825,85.25,0,10,281,0.11688434983914378,Rendah,True,2026-10-08
Riau,KUANTAN SINGINGI,SINGINGI HILIR,0,0,0,0.6333333333333333,27.266666666666666,80.33333333333333,2,10,281,0.9295134702565946,Tinggi,True,2026-10-08
Riau,KUANTAN SINGINGI,SINGINGI,0,0,0,2.6,26.333333333333332,80.33333333333333,2,10,281,0.5275083541215355,Sedang,True,2026-10-08
Riau,KUANTAN SINGINGI,KUANTAN HILIR,0,0,0,3.5142857142857147,26.97142857142857,85.85714285714286,0,10,281,0.4128042857640569,Sedang,True,2026-10-08
Riau,KEPULAUAN MERANTI,MERBAU,0,0,0,6.0,27.066666666666666,87.66666666666667,1,10,281,0.12988258819289766,Rendah,True,2026-10-08
Riau,KUANTAN SINGINGI,BENAI,0,0,0,1.3,27.15,82.75,2,10,281,0.5425897710319918,Sedang,True,2026-10-08
Riau,KUANTAN SINGINGI,INUMAN,0,0,0,2.642857142857143,27.199999999999996,83.85714285714286,2,10,281,0.4079769778157333,Sedang,True,2026-10-08
Riau,KOTA DUMAI,BUKIT KAPUR,0,0,0,6.128571428571428,26.971428571428568,86.85714285714286,1,10,281,0.16391257961845998,Rendah,True,2026-10-08
Riau,KUANTAN SINGINGI,PANGEAN,0,0,0,2.8,27.228571428571428,84.14285714285714,2,10,281,0.40049299004240496,Sedang,True,2026-10-08
Riau,KUANTAN SINGINGI,LOGAS TANAH DARAT,0,0,0,4.6000000000000005,26.75,83.75,1,10,281,0.5477660966189029,Sedang,True,2026-10-08
Riau,KOTA DUMAI,SUNGAI SEMBILAN,0,0,0,13.566666666666665,26.28333333333333,91.16666666666667,0,10,281,0.06481794245053579,Rendah,True,2026-10-08
Riau,KUANTAN SINGINGI,HULU KUANTAN,0,0,0,3.5800000000000005,26.580000000000002,83.4,0,10,281,0.5258513758746822,Sedang,True,2026-10-08
Riau,KUANTAN SINGINGI,KUANTAN HILIR SEBERANG,0,0,0,7.5,26.7,87.0,0,10,281,0.010637637677088124,Rendah,True,2026-10-08
Riau,KUANTAN SINGINGI,SENTAJO RAYA,0,0,0,1.8,27.3,81.6,2,10,281,0.2937924787878729,Sedang,True,2026-10-08
Riau,KUANTAN SINGINGI,PUCUK RANTAU,0,0,0,1.2,26.700000000000003,83.0,1,10,281,0.8819654473124688,Tinggi,True,2026-10-08
Riau,KEPULAUAN MERANTI,RANGSANG BARAT,0,0,0,2.875,28.150000000000002,81.5,0,10,281,0.05449336537646938,Rendah,True,2026-10-08
Riau,KEPULAUAN MERANTI,TEBING TINGGI,0,0,0,4.74,27.18,88.2,1,10,281,0.15192665580927092,Rendah,True,2026-10-08
Riau,KEPULAUAN MERANTI,RANGSANG,0,0,0,7.083333333333333,27.833333333333332,82.33333333333333,1,10,281,0.7462816095628283,Tinggi,True,2026-10-08
Riau,KEPULAUAN MERANTI,TEBING TINGGI BARAT,0,0,0,4.1,27.259999999999998,86.2,2,10,281,0.24242359853129805,Rendah,True,2026-10-08
Riau,KEPULAUAN MERANTI,PULAUMERBAU,0,0,0,2.56,27.619999999999997,85.0,2,10,281,0.0998330218370333,Rendah,True,2026-10-08
Riau,KEPULAUAN MERANTI,RANGSANG PESISIR,0,0,0,2.571428571428572,28.014285714285712,82.57142857142857,2,10,281,0.5077153810253395,Sedang,True,2026-10-08
Riau,KEPULAUAN MERANTI,TEBING TINGGI TIMUR,0,0,0,3.1714285714285713,27.9,82.57142857142857,0,10,281,0.0740702385587026,Rendah,True,2026-10-08
Riau,KEPULAUAN MERANTI,TASIK PUTRI PUYU,0,0,0,3.1249999999999996,27.200000000000003,86.25,0,10,281,0.010463264722763195,Rendah,True,2026-10-08
Riau,KOTA PEKANBARU,RUMBAI,0,0,0,8.366666666666667,27.2,86.66666666666667,0,10,281,0.040694235303336594,Rendah,True,2026-10-08
Riau,KOTA PEKANBARU,BUKIT RAYA,0,0,0,5.728571428571429,27.342857142857145,84.57142857142857,2,10,281,0.3816222496292362,Sedang,True,2026-10-08
Riau,KOTA PEKANBARU,TAMPAN,0,0,0,5.216666666666666,27.483333333333334,84.0,2,10,281,0.07556404063254331,Rendah,True,2026-10-08
Riau,KOTA PEKANBARU,TENAYAN RAYA,0,0,0,4.816666666666667,27.483333333333334,84.66666666666667,2,10,281,0.4556975468196975,Sedang,True,2026-10-08
Riau,KOTA PEKANBARU,PAYUNG SEKAKI,0,0,0,7.866666666666666,27.8,82.33333333333333,1,10,281,0.1798985729830829,Rendah,True,2026-10-08
Riau,KOTA PEKANBARU,RUMBAI PESISIR,0,0,0,6.95,27.28333333333333,86.5,1,10,281,0.08629455935775364,Rendah,True,2026-10-08
Riau,KOTA DUMAI,MEDANG KAMPAI,0,0,0,6.214285714285714,27.685714285714283,82.71428571428571,2,10,281,0.34374862671366246,Sedang,True,2026-10-08
Riau,KOTA DUMAI,DUMAI BARAT,0,0,0,5.125,27.825,83.25,1,10,281,0.7854611441637932,Tinggi,True,2026-10-08
Riau,KOTA DUMAI,DUMAI SELATAN,0,0,0,5.916666666666665,27.633333333333336,83.83333333333333,1,10,281,0.03607371085610627,Rendah,True,2026-10-08
Sumatera Selatan,OGAN KOMERING ULU,BATURAJA TIMUR,0,0,0,0.3333333333333333,30.066666666666666,60.666666666666664,3,10,281,0.679943940963823,Tinggi,True,2026-10-08
Sumatera Selatan,OGAN KOMERING ULU,SOSOH BUAY RAYAP,0,0,0,0.9333333333333332,29.3,67.0,0,10,281,0.8413367780804472,Tinggi,True,2026-10-08
Sumatera Selatan,OGAN KOMERING ULU,PENGANDONAN,0,0,0,0.9666666666666667,26.76666666666667,72.66666666666667,1,10,281,0.5708391283667904,Sedang,True,2026-10-08
Sumatera Selatan,OGAN KOMERING ULU,ULU OGAN,0,0,0,2.25,17.099999999999998,81.0,2,10,281,0.6492270965465907,Tinggi,True,2026-10-08
Sumatera Selatan,OGAN KOMERING ULU,PENINJAUAN,0,0,0,0.35000000000000003,30.433333333333334,58.166666666666664,4,10,281,0.8115982896594832,Tinggi,True,2026-10-08
Sumatera Selatan,OGAN KOMERING ULU,BATURAJA BARAT,0,0,0,0.275,29.35,63.25,2,10,281,0.2521326052488775,Rendah,True,2026-10-08
Sumatera Selatan,OGAN KOMERING ULU,SEMIDANG AJI,0,0,0,1.0142857142857142,28.728571428571428,65.28571428571429,0,10,281,0.6212939524597095,Sedang,True,2026-10-08
Sumatera Selatan,OGAN KOMERING ULU,LUBUK BATANG,0,0,0,1.5999999999999999,29.433333333333334,62.666666666666664,0,10,281,0.6777413609823397,Tinggi,True,2026-10-08
Sumatera Selatan,OGAN KOMERING ULU,LENGKITI,0,0,0,3.08,26.46,75.2,0,10,281,0.9674416926517856,Tinggi,True,2026-10-08
Sumatera Selatan,OGAN KOMERING ULU,SINAR PENINJAUAN,0,0,0,0.9200000000000002,30.24,60.0,3,10,281,0.8480933392825492,Tinggi,True,2026-10-08
Sumatera Selatan,OGAN KOMERING ULU,LUBUK RAJA,0,0,0,0.5714285714285714,29.757142857142856,61.57142857142857,3,10,281,0.03396135516334342,Rendah,True,2026-10-08
Sumatera Selatan,OGAN KOMERING ULU,MUARA JAYA,0,0,0,1.6749999999999998,24.0,76.5,0,10,281,0.5212112167019145,Sedang,True,2026-10-08
Sumatera Selatan,OGAN KOMERING ULU,KEDATON PENINJAUAN RAYA,0,0,0,0.4666666666666666,30.46666666666667,58.333333333333336,3,10,281,0.35265552659769106,Sedang,True,2026-10-08
Sumatera Selatan,OGAN KOMERING ILIR,TANJUNG LUBUK,0,0,0,0.7166666666666668,30.13333333333333,61.5,3,10,281,0.8732819443598051,Tinggi,True,2026-10-08
Sumatera Selatan,OGAN KOMERING ILIR,PEDAMARAN,0,0,0,0.6166666666666667,29.95,62.166666666666664,4,10,281,0.8130201749488806,Tinggi,True,2026-10-08
Sumatera Selatan,OGAN KOMERING ILIR,SIRAH PULAU PADANG,0,0,0,0.26666666666666666,29.38333333333333,65.5,2,10,281,0.667227255863341,Tinggi,True,2026-10-08
Sumatera Selatan,OGAN KOMERING ILIR,TULUNG SELAPAN,0,0,0,0.06000000000000001,29.4,67.2,5,10,281,0.7951398148916307,Tinggi,True,2026-10-08
Sumatera Selatan,OGAN KOMERING ILIR,PAMPANGAN,0,0,0,0.13999999999999999,29.18,66.8,5,10,281,0.6236515780747988,Sedang,True,2026-10-08
Sumatera Selatan,OGAN KOMERING ILIR,MESUJI,0,0,0,0.44000000000000006,30.159999999999997,61.6,3,10,281,0.6444036315279812,Tinggi,True,2026-10-08
Sumatera Selatan,OGAN KOMERING ILIR,KAYU AGUNG,0,0,0,0.26,30.080000000000002,61.4,5,10,281,0.7581584899716766,Tinggi,True,2026-10-08
Sumatera Selatan,OGAN KOMERING ILIR,JEJAWI,0,0,0,0.10000000000000002,29.333333333333332,64.33333333333333,3,10,281,0.7644978838243817,Tinggi,True,2026-10-08
Sumatera Selatan,OGAN KOMERING ILIR,LEMPUING,0,0,0,0.525,29.9,62.75,2,10,281,0.4655453419579972,Sedang,True,2026-10-08
Sumatera Selatan,OGAN KOMERING ILIR,CENGAL,0,0,0,0.18,29.24,67.0,5,10,281,0.7592917769055673,Tinggi,True,2026-10-08
Sumatera Selatan,OGAN KOMERING ILIR,AIR SUGIHAN,0,0,0,0.025,28.999999999999996,66.5,4,10,281,0.8156635038948842,Tinggi,True,2026-10-08
Sumatera Selatan,OGAN KOMERING ILIR,PANGKALAN LAMPAM,0,0,0,0.11666666666666665,30.03333333333333,61.833333333333336,6,10,281,0.7555426564341133,Tinggi,True,2026-10-08
Sumatera Selatan,OGAN KOMERING ILIR,LEMPUING JAYA,0,0,0,0.8714285714285716,29.62857142857143,64.57142857142857,4,10,281,0.8551187137000559,Tinggi,True,2026-10-08
Sumatera Selatan,MUARA ENIM,LAWANG KIDUL,0,0,0,0.6571428571428571,30.142857142857146,58.142857142857146,6,10,281,0.9660511179949423,Tinggi,True,2026-10-08
Sumatera Selatan,OGAN KOMERING ILIR,SUNGAI MENANG,0,0,0,0.6833333333333332,29.333333333333332,66.83333333333333,3,10,281,0.9564315845057663,Tinggi,True,2026-10-08
Sumatera Selatan,OGAN KOMERING ILIR,MESUJI MAKMUR,0,0,0,0.8428571428571427,30.042857142857144,61.42857142857143,4,10,281,0.8921481577110313,Tinggi,True,2026-10-08
Sumatera Selatan,OGAN KOMERING ILIR,MESUJI RAYA,0,0,0,0.3,30.3,61.142857142857146,7,10,281,0.7998574086901689,Tinggi,True,2026-10-08
Sumatera Selatan,MUARA ENIM,TANJUNG AGUNG,0,0,0,0.0,29.2,58.5,2,10,281,0.5482030371588025,Sedang,True,2026-10-08
Sumatera Selatan,MUARA ENIM,MUARA ENIM,0,0,0,0.22499999999999998,30.85,54.5,4,10,281,0.5256274411159627,Sedang,True,2026-10-08
Sumatera Selatan,MUARA ENIM,GELUMBANG,0,0,0,0.6666666666666666,30.53333333333333,58.666666666666664,3,10,281,0.7882522089323789,Tinggi,True,2026-10-08
Sumatera Selatan,MUARA ENIM,RAMBANG DANGKU,0,0,0,0.16666666666666666,29.8,60.0,3,10,281,0.792852045025459,Tinggi,True,2026-10-08
Sumatera Selatan,MUARA ENIM,GUNUNG MEGANG,0,0,0,1.0,30.233333333333334,59.0,1,10,281,0.8873513288596871,Tinggi,True,2026-10-08
Sumatera Selatan,MUARA ENIM,SEMENDE DARAT LAUT,0,0,0,1.0,23.924999999999997,78.5,2,10,281,0.5917779738282666,Sedang,True,2026-10-08
Sumatera Selatan,MUARA ENIM,SEMENDE DARAT TENGAH,0,0,0,3.9750000000000005,17.925,83.5,0,10,281,0.02175065742342263,Rendah,True,2026-10-08
Sumatera Selatan,MUARA ENIM,SEMENDE DARAT ULU,0,0,0,1.9000000000000001,19.142857142857142,81.85714285714286,0,10,281,0.03328220809142028,Rendah,True,2026-10-08
Sumatera Selatan,MUARA ENIM,UJAN MAS,0,0,0,0.8714285714285713,30.771428571428572,56.0,4,10,281,0.2640135028000773,Rendah,True,2026-10-08
Sumatera Selatan,MUARA ENIM,RAMBANG,0,0,0,0.48571428571428577,30.442857142857147,57.42857142857143,4,10,281,0.3683080025712212,Sedang,True,2026-10-08
Sumatera Selatan,MUARA ENIM,SUNGAI ROTAN,0,0,0,0.7142857142857143,30.67142857142857,57.857142857142854,0,10,281,0.6568366222483343,Tinggi,True,2026-10-08
Sumatera Selatan,MUARA ENIM,LUBAI,0,0,0,0.5714285714285714,30.528571428571432,57.57142857142857,5,10,281,0.6071251577474431,Sedang,True,2026-10-08
Sumatera Selatan,MUARA ENIM,BELIDA DARAT,0,0,0,0.35,30.9,55.25,4,10,281,0.07517438859679697,Rendah,True,2026-10-08
Sumatera Selatan,MUARA ENIM,LEMBAK,0,0,0,0.925,30.375,59.25,1,10,281,0.6717592571102807,Tinggi,True,2026-10-08
Sumatera Selatan,MUARA ENIM,BENAKAT,0,0,0,0.5,29.65,62.75,3,10,281,0.6747228578801908,Tinggi,True,2026-10-08
Sumatera Selatan,MUARA ENIM,KELEKAR,0,0,0,0.05,30.049999999999997,61.5,2,10,281,0.3846511144483147,Sedang,True,2026-10-08
Sumatera Selatan,MUARA ENIM,MUARA BELIDA,0,0,0,0.24285714285714288,30.071428571428573,61.714285714285715,3,10,281,0.624692567609134,Sedang,True,2026-10-08
Sumatera Selatan,MUARA ENIM,BELIMBING,0,0,0,0.425,30.6,57.25,2,10,281,0.3725656556299147,Sedang,True,2026-10-08
Sumatera Selatan,MUARA ENIM,LUBAI ULU,0,0,0,1.04,29.72,60.2,2,10,281,0.9478362862905015,Tinggi,True,2026-10-08
Sumatera Selatan,LAHAT,TANJUNGSAKTI PUMU,0,0,0,16.142857142857142,20.74285714285714,89.85714285714286,0,10,281,0.002204071003794601,Rendah,True,2026-10-08
Sumatera Selatan,LAHAT,KOTA AGUNG,0,0,0,1.9142857142857141,20.071428571428573,73.42857142857143,0,10,281,0.2133870021040779,Rendah,True,2026-10-08
Sumatera Selatan,LAHAT,PULAUPINANG,0,0,0,0.38,28.5,62.2,5,10,281,0.3837620679660751,Sedang,True,2026-10-08
Sumatera Selatan,LAHAT,MERAPI BARAT,0,0,0,0.85,29.75,59.5,1,10,281,0.7492806183030356,Tinggi,True,2026-10-08
Sumatera Selatan,LAHAT,LAHAT,0,0,0,0.32,29.76,61.8,5,10,281,0.6840329858429834,Tinggi,True,2026-10-08
Sumatera Selatan,LAHAT,KIKIM SELATAN,0,0,0,0.7999999999999999,28.924999999999997,66.25,2,10,281,0.7103213767577672,Tinggi,True,2026-10-08
Sumatera Selatan,LAHAT,PAJAR BULAN,0,0,0,1.1,24.275000000000002,70.75,1,10,281,0.010205301304596865,Rendah,True,2026-10-08
Sumatera Selatan,LAHAT,MULAK ULU,0,0,0,0.9666666666666668,25.366666666666664,72.33333333333333,0,10,281,0.04043424373435148,Rendah,True,2026-10-08
Sumatera Selatan,LAHAT,PAGAR GUNUNG,0,0,0,0.78,26.98,71.2,3,10,281,0.17822874447929218,Rendah,True,2026-10-08
Sumatera Selatan,LAHAT,KIKIM TIMUR,0,0,0,0.3166666666666667,29.3,66.5,4,10,281,0.6443019921166065,Tinggi,True,2026-10-08
Sumatera Selatan,LAHAT,KIKIM TENGAH,0,0,0,0.43333333333333335,29.433333333333334,70.33333333333333,3,10,281,0.20526260276800046,Rendah,True,2026-10-08
Sumatera Selatan,LAHAT,KIKIM BARAT,0,0,0,1.375,28.425,74.5,2,10,281,0.8036747792442834,Tinggi,True,2026-10-08
Sumatera Selatan,LAHAT,PSEKSU,0,0,0,0.22000000000000003,28.139999999999997,60.4,5,10,281,0.2710951099164268,Sedang,True,2026-10-08
Sumatera Selatan,LAHAT,GUMAY TALANG,0,0,0,0.3166666666666667,29.7,57.833333333333336,3,10,281,0.7304606471097368,Tinggi,True,2026-10-08
Sumatera Selatan,LAHAT,MERAPI TIMUR,0,0,0,0.5714285714285714,30.071428571428566,56.857142857142854,0,10,281,0.7898817781271794,Tinggi,True,2026-10-08
Sumatera Selatan,LAHAT,TANJUNG SAKTI PUMI,0,0,0,5.14,21.559999999999995,86.0,0,10,281,0.08260070330823249,Rendah,True,2026-10-08
Sumatera Selatan,LAHAT,GUMAY ULU,0,0,0,1.2571428571428573,25.457142857142856,71.14285714285714,0,10,281,0.485526136237694,Sedang,True,2026-10-08
Sumatera Selatan,LAHAT,MERAPI SELATAN,0,0,0,0.5714285714285714,28.45714285714286,62.714285714285715,3,10,281,0.02039021335954126,Rendah,True,2026-10-08
Sumatera Selatan,LAHAT,TANJUNGTEBAT,0,0,0,1.9749999999999999,26.275,75.0,1,10,281,0.41664586950036747,Sedang,True,2026-10-08
Sumatera Selatan,LAHAT,MUARAPAYANG,0,0,0,2.5,24.799999999999997,74.66666666666667,1,10,281,0.0030371437995184492,Rendah,True,2026-10-08
Sumatera Selatan,MUSI RAWAS,TUGUMULYO,0,0,0,3.8,27.375,78.0,2,10,281,0.031161023093854722,Rendah,True,2026-10-08
Sumatera Selatan,MUSI RAWAS,MUARA LAKITAN,0,0,0,1.383333333333333,29.299999999999997,64.83333333333333,2,10,281,0.9148997240725969,Tinggi,True,2026-10-08
Sumatera Selatan,MUSI RAWAS,JAYALOKA,0,0,0,4.066666666666666,28.13333333333333,71.33333333333333,2,10,281,0.7135503922840045,Tinggi,True,2026-10-08
Sumatera Selatan,MUSI RAWAS,MUARA KELINGI,0,0,0,0.2333333333333333,29.166666666666668,66.33333333333333,3,10,281,0.8480811510371484,Tinggi,True,2026-10-08
Sumatera Selatan,MUSI BANYUASIN,SANGA DESA,0,0,0,1.2399999999999998,29.52,63.8,4,10,281,0.62883120911507,Sedang,True,2026-10-08
Sumatera Selatan,MUSI RAWAS,MUARA BELITI,0,0,0,3.1,27.771428571428572,73.28571428571429,3,10,281,0.6412470763345254,Tinggi,True,2026-10-08
Sumatera Selatan,MUSI RAWAS,SELANGIT,0,0,0,2.54,25.220000000000002,73.4,3,10,281,0.6293586177778299,Sedang,True,2026-10-08
Sumatera Selatan,MUSI RAWAS,STL ULU TERAWAS,0,0,0,3.9166666666666674,27.366666666666664,79.16666666666667,2,10,281,0.8984693637722508,Tinggi,True,2026-10-08
Sumatera Selatan,BANYUASIN,BETUNG,0,0,0,0.5750000000000001,30.325000000000003,59.75,3,10,281,0.43701861248711327,Sedang,True,2026-10-08
Sumatera Selatan,MUSI RAWAS,MEGANG SAKTI,0,0,0,1.02,29.28,67.2,2,10,281,0.795913756423742,Tinggi,True,2026-10-08
Sumatera Selatan,BANYUASIN,RAMBUTAN,0,0,0,0.475,29.375,65.75,1,10,281,0.7318923564700129,Tinggi,True,2026-10-08
Sumatera Selatan,MUSI RAWAS,PURWODADI,0,0,0,1.9749999999999999,28.299999999999997,71.0,1,10,281,0.03493463699153246,Rendah,True,2026-10-08
Sumatera Selatan,MUSI RAWAS,BTS. ULU,0,0,0,1.242857142857143,29.042857142857144,68.42857142857143,0,10,281,0.8791459242514119,Tinggi,True,2026-10-08
Sumatera Selatan,MUSI RAWAS,TIANG PUMPUNG KEPUNGUT,0,0,0,4.283333333333334,28.0,74.5,3,10,281,0.5397002018802725,Sedang,True,2026-10-08
Sumatera Selatan,MUSI RAWAS,SUMBER HARTA,0,0,0,3.88,29.060000000000002,69.8,2,10,281,0.8084381660788245,Tinggi,True,2026-10-08
Sumatera Selatan,MUSI RAWAS,TUAH NEGERI,0,0,0,3.2199999999999998,29.119999999999997,68.8,1,10,281,0.8039997890604255,Tinggi,True,2026-10-08
Sumatera Selatan,OGAN KOMERING ULU TIMUR,BELITANG,0,0,0,0.3333333333333333,30.266666666666666,59.333333333333336,3,10,281,0.07634005867601903,Rendah,True,2026-10-08
Sumatera Selatan,MUSI RAWAS,SUKA KARYA,0,0,0,1.1333333333333333,29.183333333333337,67.83333333333333,3,10,281,0.0778583794491782,Rendah,True,2026-10-08
Sumatera Selatan,MUSI BANYUASIN,SEKAYU,0,0,0,0.15,30.0,60.0,4,10,281,0.7420960406541376,Tinggi,True,2026-10-08
Sumatera Selatan,MUSI BANYUASIN,KELUANG,0,0,0,0.5750000000000001,29.875,62.0,2,10,281,0.7175080155231551,Tinggi,True,2026-10-08
Sumatera Selatan,MUSI BANYUASIN,BAYUNG LENCIR,0,0,0,2.2714285714285714,28.45714285714286,73.71428571428571,5,10,281,0.891429092564539,Tinggi,True,2026-10-08
Sumatera Selatan,MUSI BANYUASIN,SUNGAI KERUH,0,0,0,0.8999999999999999,29.349999999999998,64.83333333333333,3,10,281,0.8615884759602279,Tinggi,True,2026-10-08
Sumatera Selatan,MUSI BANYUASIN,PLAKAT TINGGI,0,0,0,0.7,29.160000000000004,64.6,3,10,281,0.7785219473601969,Tinggi,True,2026-10-08
Sumatera Selatan,MUSI BANYUASIN,LAIS,0,0,0,0.42000000000000004,29.76,62.4,5,10,281,0.8409815065850134,Tinggi,True,2026-10-08
Sumatera Selatan,MUSI BANYUASIN,BATANG HARI LEKO,0,0,0,1.3333333333333333,28.8,68.83333333333333,2,10,281,0.8752590169110077,Tinggi,True,2026-10-08
Sumatera Selatan,MUSI BANYUASIN,BABAT TOMAN,0,0,0,0.35,29.75,63.25,4,10,281,0.4392955633187257,Sedang,True,2026-10-08
Sumatera Selatan,MUSI BANYUASIN,SUNGAI LILIN,0,0,0,0.7666666666666666,29.766666666666666,64.66666666666667,2,10,281,0.7856074801248145,Tinggi,True,2026-10-08
Sumatera Selatan,MUSI BANYUASIN,LALAN,0,0,0,0.5333333333333333,29.55,66.0,2,10,281,0.7799036076758448,Tinggi,True,2026-10-08
Sumatera Selatan,MUSI BANYUASIN,LAWANG WETAN,0,0,0,1.0333333333333334,29.599999999999998,65.0,1,10,281,0.8044721054988861,Tinggi,True,2026-10-08
Sumatera Selatan,MUSI BANYUASIN,TUNGKAL JAYA,0,0,0,2.4999999999999996,29.24,68.2,3,10,281,0.7166269089326152,Tinggi,True,2026-10-08
Sumatera Selatan,OGAN KOMERING ULU SELATAN,BUAY PEMATANG RIBU RANAU TENGAH,0,0,0,1.257142857142857,25.428571428571427,75.0,0,10,281,0.41179702454660017,Sedang,True,2026-10-08
Sumatera Selatan,MUSI BANYUASIN,BABAT SUPAT,0,0,0,0.45999999999999996,30.8,57.0,3,10,281,0.7875114047172558,Tinggi,True,2026-10-08
Sumatera Selatan,BANYUASIN,PULAU RIMAU,0,0,0,0.55,29.916666666666668,62.333333333333336,3,10,281,0.6623284156911381,Tinggi,True,2026-10-08
Sumatera Selatan,BANYUASIN,BANYUASIN I,0,0,0,1.04,29.22,67.4,3,10,281,0.7022608225384889,Tinggi,True,2026-10-08
Sumatera Selatan,BANYUASIN,BANYUASIN II,0,0,0,0.7333333333333333,28.833333333333332,72.66666666666667,2,10,281,0.8268420719497828,Tinggi,True,2026-10-08
Sumatera Selatan,BANYUASIN,BANYUASIN III,0,0,0,0.42000000000000004,30.140000000000004,60.2,2,10,281,0.37570196470434153,Sedang,True,2026-10-08
Sumatera Selatan,BANYUASIN,AIR SALEK,0,0,0,0.16666666666666666,30.133333333333336,61.666666666666664,3,10,281,0.43350556063693607,Sedang,True,2026-10-08
Sumatera Selatan,BANYUASIN,MUARA PADANG,0,0,0,0.15,30.049999999999997,63.0,2,10,281,0.5246424567809884,Sedang,True,2026-10-08
Sumatera Selatan,BANYUASIN,MUARA TELANG,0,0,0,0.5833333333333335,30.21666666666667,61.333333333333336,3,10,281,0.18210941698694139,Rendah,True,2026-10-08
Sumatera Selatan,BANYUASIN,MAKARTI JAYA,0,0,0,0.2571428571428572,30.014285714285712,62.714285714285715,7,10,281,0.5514264604184838,Sedang,True,2026-10-08
Sumatera Selatan,BANYUASIN,TUNGKAL ILIR,0,0,0,0.7333333333333334,30.03333333333333,63.0,3,10,281,0.47552905287346287,Sedang,True,2026-10-08
Sumatera Selatan,BANYUASIN,TALANG KELAPA,0,0,0,0.2333333333333333,30.766666666666666,57.333333333333336,3,10,281,0.6650001067333108,Tinggi,True,2026-10-08
Sumatera Selatan,BANYUASIN,RANTAU BAYUR,0,0,0,0.8599999999999998,29.639999999999997,63.4,2,10,281,0.8508993561910602,Tinggi,True,2026-10-08
Sumatera Selatan,BANYUASIN,SUAK TAPEH,0,0,0,0.08,30.320000000000004,59.0,5,10,281,0.5958515573390771,Sedang,True,2026-10-08
Sumatera Selatan,BANYUASIN,TANJUNG LAGO,0,0,0,0.18,30.160000000000004,62.0,5,10,281,0.7017464410916762,Tinggi,True,2026-10-08
Sumatera Selatan,BANYUASIN,MUARA SUGIHAN,0,0,0,0.48571428571428565,29.14285714285714,67.85714285714286,2,10,281,0.8486354485777969,Tinggi,True,2026-10-08
Sumatera Selatan,BANYUASIN,SEMBAWA,0,0,0,0.5399999999999999,30.560000000000002,58.8,3,10,281,0.4416231850819161,Sedang,True,2026-10-08
Sumatera Selatan,BANYUASIN,AIR KUMBANG,0,0,0,0.8999999999999998,29.74285714285714,63.57142857142857,4,10,281,0.6208055279860566,Sedang,True,2026-10-08
Sumatera Selatan,OGAN KOMERING ULU TIMUR,MARTAPURA,0,0,0,4.14,29.580000000000002,63.2,0,10,281,0.4647803815101429,Sedang,True,2026-10-08
Sumatera Selatan,OGAN KOMERING ULU TIMUR,BUAY MADANG,0,0,0,1.2,29.939999999999998,61.2,2,10,281,0.5065996129861708,Sedang,True,2026-10-08
Sumatera Selatan,OGAN KOMERING ULU TIMUR,CEMPAKA,0,0,0,0.5833333333333334,30.166666666666668,60.833333333333336,2,10,281,0.900290311701326,Tinggi,True,2026-10-08
Sumatera Selatan,OGAN KOMERING ULU TIMUR,BUAY PEMUKA PELIUNG,0,0,0,0.725,29.775,63.0,2,10,281,0.44927845192196825,Sedang,True,2026-10-08
Sumatera Selatan,OGAN KOMERING ULU TIMUR,MADANG SUKU II,0,0,0,0.8799999999999999,29.76,62.2,3,10,281,0.7380678357093617,Tinggi,True,2026-10-08
Sumatera Selatan,OGAN KOMERING ULU TIMUR,MADANG SUKU I,0,0,0,0.9333333333333332,29.71666666666667,62.5,3,10,281,0.8891135386223635,Tinggi,True,2026-10-08
Sumatera Selatan,OGAN KOMERING ULU TIMUR,SEMENDAWAI SUKU III,0,0,0,0.9400000000000001,30.040000000000003,61.0,2,10,281,0.14336042019432332,Rendah,True,2026-10-08
Sumatera Selatan,OGAN KOMERING ULU TIMUR,BUNGA MAYANG,0,0,0,0.5666666666666667,28.5,66.33333333333333,3,10,281,0.8793058473771374,Tinggi,True,2026-10-08
Sumatera Selatan,OGAN KOMERING ULU TIMUR,BELITANG II,0,0,0,1.6,29.9,62.0,0,10,281,0.6668150560519553,Tinggi,True,2026-10-08
Sumatera Selatan,OGAN KOMERING ULU TIMUR,BELITANG III,0,0,0,0.8166666666666668,30.033333333333335,61.166666666666664,3,10,281,0.6727429933424635,Tinggi,True,2026-10-08
Sumatera Selatan,OGAN KOMERING ULU TIMUR,BUAY MADANG TIMUR,0,0,0,0.5599999999999999,29.72,61.6,3,10,281,0.5043328388800187,Sedang,True,2026-10-08
Sumatera Selatan,OGAN KOMERING ULU TIMUR,MADANG SUKU III,0,0,0,0.45,30.125000000000004,59.5,3,10,281,0.9399334335475915,Tinggi,True,2026-10-08
Sumatera Selatan,OGAN KOMERING ULU TIMUR,SEMENDAWAI BARAT,0,0,0,0.5000000000000001,30.420000000000005,59.8,2,10,281,0.8877062339543849,Tinggi,True,2026-10-08
Sumatera Selatan,OGAN KOMERING ULU TIMUR,BELITANG MADANG RAYA,0,0,0,1.0599999999999998,29.8,62.4,2,10,281,0.5456503504887276,Sedang,True,2026-10-08
Sumatera Selatan,OGAN KOMERING ULU TIMUR,SEMENDAWAI TIMUR,0,0,0,0.38571428571428573,30.22857142857143,60.857142857142854,5,10,281,0.10499118825646768,Rendah,True,2026-10-08
Sumatera Selatan,OGAN KOMERING ULU TIMUR,JAYAPURA,0,0,0,3.0999999999999996,28.73333333333333,66.83333333333333,2,10,281,0.8276804057684896,Tinggi,True,2026-10-08
Sumatera Selatan,OGAN KOMERING ULU TIMUR,BELITANG JAYA,0,0,0,0.32,29.9,61.6,5,10,281,0.35820309578236176,Sedang,True,2026-10-08
Sumatera Selatan,OGAN KOMERING ULU SELATAN,BANDING AGUNG,0,0,0,0.7166666666666667,25.03333333333333,75.0,2,10,281,0.49023628050939805,Sedang,True,2026-10-08
Sumatera Selatan,OGAN KOMERING ULU SELATAN,MUARA DUA KISAM,0,0,0,1.4333333333333333,22.366666666666664,79.33333333333333,0,10,281,0.07489789358825388,Rendah,True,2026-10-08
Sumatera Selatan,OGAN KOMERING ULU SELATAN,SIMPANG,0,0,0,1.45,28.0,70.5,0,10,281,0.7429527283045382,Tinggi,True,2026-10-08
Sumatera Selatan,OGAN KOMERING ULU SELATAN,BUAY SANDANG AJI,0,0,0,4.1,26.68,75.8,1,10,281,0.5516508423825568,Sedang,True,2026-10-08
Sumatera Selatan,OGAN KOMERING ULU SELATAN,BUAY RUNJUNG,0,0,0,1.375,26.900000000000002,74.25,3,10,281,0.7500006309851284,Tinggi,True,2026-10-08
Sumatera Selatan,OGAN KOMERING ULU SELATAN,MEKAKAU ILIR,0,0,0,1.15,25.3,76.75,0,10,281,0.8194563672648733,Tinggi,True,2026-10-08
Sumatera Selatan,OGAN KOMERING ULU SELATAN,BUAY PEMACA,0,0,0,1.7666666666666666,27.016666666666666,69.0,0,10,281,0.854506018519335,Tinggi,True,2026-10-08
Sumatera Selatan,OGAN KOMERING ULU SELATAN,WARKUK RANAU SELATAN,0,0,0,1.8,22.5,82.5,0,10,281,0.035575219582438665,Rendah,True,2026-10-08
Sumatera Selatan,OGAN KOMERING ULU SELATAN,RUNJUNG AGUNG,0,0,0,4.916666666666667,26.399999999999995,75.0,0,10,281,0.20345178679932768,Rendah,True,2026-10-08
Sumatera Selatan,OGAN KOMERING ULU SELATAN,SUNGAI ARE,0,0,0,2.9333333333333336,23.099999999999998,82.0,3,10,281,0.11643995152994212,Rendah,True,2026-10-08
Sumatera Selatan,OGAN KOMERING ULU SELATAN,SINDANG DANAU,0,0,0,2.3,22.36,82.2,1,10,281,0.3651974944867513,Sedang,True,2026-10-08
Sumatera Selatan,OGAN KOMERING ULU SELATAN,BUANA PEMACA,0,0,0,5.2,28.7,68.5,0,10,281,0.8986882389910806,Tinggi,True,2026-10-08
Sumatera Selatan,OGAN KOMERING ULU SELATAN,TIGA DIHAJI,0,0,0,2.0,26.9,74.0,2,10,281,0.38603012135718234,Sedang,True,2026-10-08
Sumatera Selatan,OGAN KOMERING ULU SELATAN,BUAY RAWAN,0,0,0,2.3285714285714287,26.45714285714286,74.28571428571429,0,10,281,0.5883125289085581,Sedang,True,2026-10-08
Sumatera Selatan,OGAN ILIR,MUARA KUANG,0,0,0,0.2333333333333333,29.733333333333334,63.333333333333336,3,10,281,0.699386340304923,Tinggi,True,2026-10-08
Sumatera Selatan,OGAN ILIR,TANJUNG BATU,0,0,0,0.6714285714285715,29.28571428571428,66.28571428571429,3,10,281,0.7523234056410978,Tinggi,True,2026-10-08
Sumatera Selatan,OGAN ILIR,TANJUNG RAJA,0,0,0,0.13333333333333333,29.76666666666667,63.166666666666664,6,10,281,0.6963294111600277,Tinggi,True,2026-10-08
Sumatera Selatan,OGAN ILIR,INDRALAYA,0,0,0,0.3,29.419999999999998,65.4,5,10,281,0.6898436354022279,Tinggi,True,2026-10-08
Sumatera Selatan,OGAN ILIR,PEMULUTAN,0,0,0,0.21666666666666667,29.783333333333328,63.333333333333336,6,10,281,0.5883577705650921,Sedang,True,2026-10-08
Sumatera Selatan,OGAN ILIR,RANTAU ALAI,0,0,0,0.5333333333333333,30.13333333333333,61.166666666666664,4,10,281,0.7056210427655158,Tinggi,True,2026-10-08
Sumatera Selatan,OGAN ILIR,INDRALAYA UTARA,0,0,0,0.21428571428571427,30.157142857142855,61.142857142857146,7,10,281,0.7704587435115839,Tinggi,True,2026-10-08
Sumatera Selatan,OGAN ILIR,INDRALAYA SELATAN,0,0,0,0.225,29.599999999999998,63.75,4,10,281,0.6347287667315108,Tinggi,True,2026-10-08
Sumatera Selatan,OGAN ILIR,PEMULUTAN SELATAN,0,0,0,0.18,29.839999999999996,62.4,5,10,281,0.4832362776659564,Sedang,True,2026-10-08
Sumatera Selatan,OGAN ILIR,PEMULUTAN BARAT,0,0,0,0.13333333333333333,29.75,63.333333333333336,6,10,281,0.6072784988167643,Sedang,True,2026-10-08
Sumatera Selatan,OGAN ILIR,RANTAU PANJANG,0,0,0,0.25,29.674999999999997,63.0,4,10,281,0.11721265245510801,Rendah,True,2026-10-08
Sumatera Selatan,OGAN ILIR,KANDIS,0,0,0,0.5166666666666667,30.0,62.5,3,10,281,0.14827491169077717,Rendah,True,2026-10-08
Sumatera Selatan,EMPAT LAWANG,MUARA PINANG,0,0,0,2.325,26.025000000000002,72.75,0,10,281,0.004037992916481397,Rendah,True,2026-10-08
Sumatera Selatan,OGAN ILIR,RAMBANG KUANG,0,0,0,0.0,30.666666666666668,58.0,3,10,281,0.6430845066783336,Tinggi,True,2026-10-08
Sumatera Selatan,OGAN ILIR,LUBUK KELIAT,0,0,0,0.15000000000000002,29.950000000000003,62.0,4,10,281,0.7446370913518353,Tinggi,True,2026-10-08
Sumatera Selatan,OGAN ILIR,PAYARAMAN,0,0,0,0.6142857142857142,30.12857142857143,60.42857142857143,3,10,281,0.7172064029925211,Tinggi,True,2026-10-08
Sumatera Selatan,EMPAT LAWANG,PENDOPO,0,0,0,2.6199999999999997,27.8,67.2,2,10,281,0.873184078884143,Tinggi,True,2026-10-08
Sumatera Selatan,EMPAT LAWANG,ULU MUSI,0,0,0,0.76,25.04,77.8,2,10,281,0.7929042888183828,Tinggi,True,2026-10-08
Sumatera Selatan,EMPAT LAWANG,LINTANG KANAN,0,0,0,5.0200000000000005,22.360000000000003,80.0,0,10,281,0.20238810410119112,Rendah,True,2026-10-08
Sumatera Selatan,EMPAT LAWANG,TEBING TINGGI,0,0,0,2.016666666666667,27.966666666666665,75.16666666666667,3,10,281,0.864465551812531,Tinggi,True,2026-10-08
Sumatera Selatan,EMPAT LAWANG,PASEMAH AIR KERUH,0,0,0,2.28,27.2,73.6,3,10,281,0.6674619538258567,Tinggi,True,2026-10-08
Sumatera Selatan,EMPAT LAWANG,SIKAP DALAM,0,0,0,7.8999999999999995,26.53333333333333,74.33333333333333,1,10,281,0.15358369994635127,Rendah,True,2026-10-08
Sumatera Selatan,EMPAT LAWANG,SALING,0,0,0,2.275,28.275,71.25,1,10,281,0.8245439058811438,Tinggi,True,2026-10-08
Sumatera Selatan,PENUKAL ABAB LEMATANG ILIR,TALANG UBI,0,0,0,0.7428571428571429,30.214285714285715,58.285714285714285,3,10,281,0.8451942468526382,Tinggi,True,2026-10-08
Sumatera Selatan,PENUKAL ABAB LEMATANG ILIR,PENUKAL UTARA,0,0,0,0.16666666666666666,30.166666666666668,58.5,6,10,281,0.681998429668076,Tinggi,True,2026-10-08
Sumatera Selatan,PENUKAL ABAB LEMATANG ILIR,PENUKAL,0,0,0,0.4571428571428572,31.071428571428573,54.57142857142857,0,10,281,0.6008786644036542,Sedang,True,2026-10-08
Sumatera Selatan,PENUKAL ABAB LEMATANG ILIR,ABAB,0,0,0,0.3,30.933333333333337,55.5,6,10,281,0.5666948080255443,Sedang,True,2026-10-08
Sumatera Selatan,PENUKAL ABAB LEMATANG ILIR,TANAH ABANG,0,0,0,0.39999999999999997,31.049999999999997,54.833333333333336,6,10,281,0.6822893099602557,Tinggi,True,2026-10-08
Sumatera Selatan,MUSI RAWAS UTARA,RUPIT,0,0,0,1.5,27.96666666666667,74.66666666666667,1,10,281,0.7875463214871505,Tinggi,True,2026-10-08
Sumatera Selatan,MUSI RAWAS UTARA,RAWAS ULU,0,0,0,2.6333333333333333,28.066666666666666,76.33333333333333,1,10,281,0.8258652327610295,Tinggi,True,2026-10-08
Sumatera Selatan,MUSI RAWAS UTARA,NIBUNG,0,0,0,2.9799999999999995,28.28,73.8,2,10,281,0.8313070711198701,Tinggi,True,2026-10-08
Sumatera Selatan,MUSI RAWAS UTARA,RAWAS ILIR,0,0,0,1.0999999999999999,28.9,69.0,2,10,281,0.9234152459286873,Tinggi,True,2026-10-08
Sumatera Selatan,MUSI RAWAS UTARA,KARANG DAPO,0,0,0,4.1000000000000005,28.3,74.0,0,10,281,0.7711987028345785,Tinggi,True,2026-10-08
Sumatera Selatan,MUSI RAWAS UTARA,KARANG JAYA,0,0,0,1.14,27.659999999999997,74.0,2,10,281,0.8821253145970526,Tinggi,True,2026-10-08
Sumatera Selatan,KOTA PALEMBANG,ILIR BARAT I,0,0,0,0.15000000000000002,30.425,59.25,4,10,281,0.21996714798475037,Rendah,True,2026-10-08
Sumatera Selatan,MUSI RAWAS UTARA,ULU RAWAS,0,0,0,1.72,22.9,81.4,1,10,281,0.6859962262441256,Tinggi,True,2026-10-08
Sumatera Selatan,KOTA PALEMBANG,GANDUS,0,0,0,0.275,30.125,61.75,2,10,281,0.43987578759048895,Sedang,True,2026-10-08
Sumatera Selatan,KOTA PALEMBANG,SUKARAMI,0,0,0,0.2714285714285714,30.557142857142857,59.142857142857146,4,10,281,0.3767689715661008,Sedang,True,2026-10-08
Sumatera Selatan,KOTA PALEMBANG,KEMUNING,0,0,0,0.16666666666666666,30.38333333333333,59.833333333333336,6,10,281,0.7340759811934229,Tinggi,True,2026-10-08
Sumatera Selatan,KOTA PALEMBANG,KALIDONI,0,0,0,0.44999999999999996,29.299999999999997,67.33333333333333,3,10,281,0.010981734439424937,Rendah,True,2026-10-08
Sumatera Selatan,KOTA PALEMBANG,KERTAPATI,0,0,0,0.08571428571428572,29.642857142857142,64.14285714285714,7,10,281,0.6220905389383303,Sedang,True,2026-10-08
Sumatera Selatan,KOTA PALEMBANG,PLAJU,0,0,0,0.3,30.3,60.666666666666664,3,10,281,0.04503667265983219,Rendah,True,2026-10-08
Sumatera Selatan,KOTA PALEMBANG,ALANG-ALANG LEBAR,0,0,0,0.44999999999999996,30.525,59.0,1,10,281,0.004094341667921057,Rendah,True,2026-10-08
Sumatera Selatan,KOTA PALEMBANG,SEMATANG BORANG,0,0,0,1.0,29.340000000000003,66.6,3,10,281,0.4849298261747634,Sedang,True,2026-10-08
Sumatera Selatan,KOTA LUBUKLINGGAU,LUBUK LINGGAU BARAT I,0,0,0,5.539999999999999,27.140000000000004,77.0,0,10,281,0.18232668868312096,Rendah,True,2026-10-08
Sumatera Selatan,KOTA LUBUKLINGGAU,LUBUK LINGGAU SELATAN I,0,0,0,2.9749999999999996,28.1,73.25,2,10,281,0.4705275805837335,Sedang,True,2026-10-08
Sumatera Selatan,KOTA LUBUKLINGGAU,LUBUK LINGGAU BARAT II,0,0,0,4.133333333333333,26.799999999999997,74.16666666666667,0,10,281,0.010954216116200477,Rendah,True,2026-10-08
Sumatera Selatan,KOTA PAGAR ALAM,DEMPO UTARA,0,0,0,0.35714285714285715,21.385714285714283,75.85714285714286,5,10,281,0.03557846851267201,Rendah,True,2026-10-08
Sumatera Selatan,KOTA LUBUKLINGGAU,LUBUK LINGGAU UTARA I,0,0,0,5.8,27.516666666666666,78.33333333333333,2,10,281,0.3425250508050621,Sedang,True,2026-10-08
Sumatera Selatan,KOTA PAGAR ALAM,DEMPO SELATAN,0,0,0,2.84,22.76,79.4,0,10,281,0.09066221864006727,Rendah,True,2026-10-08
Sumatera Selatan,KOTA PAGAR ALAM,DEMPO TENGAH,0,0,0,2.242857142857143,21.62857142857143,77.0,1,10,281,0.08388837743451034,Rendah,True,2026-10-08
Sumatera Selatan,KOTA LUBUKLINGGAU,LUBUK LINGGAU UTARA II,0,0,0,4.24,27.439999999999998,78.6,1,10,281,0.06099309521436725,Rendah,True,2026-10-08
Sumatera Selatan,KOTA PRABUMULIH,CAMBAI,0,0,0,0.325,31.0,55.5,4,10,281,0.04987369957833845,Rendah,True,2026-10-08
Sumatera Selatan,KOTA PRABUMULIH,PRABUMULIH BARAT,0,0,0,0.19999999999999998,31.15,54.0,4,10,281,0.2994399083722276,Sedang,True,2026-10-08
Sumatera Selatan,KOTA PRABUMULIH,PRABUMULIH TIMUR,0,0,0,0.5,30.82,56.6,2,10,281,0.06544307612732032,Rendah,True,2026-10-08
Sumatera Selatan,KOTA PRABUMULIH,PRABUMULIH SELATAN,0,0,0,0.55,30.85,55.75,1,10,281,0.2137013374350812,Rendah,True,2026-10-08
Sumatera Selatan,KOTA PRABUMULIH,RAMBANG KPK TENGAH,0,0,0,0.31999999999999995,30.7,55.8,3,10,281,0.3166388542182752,Sedang,True,2026-10-08
Sumatera Selatan,KOTA PRABUMULIH,PRABUMULIH UTARA,0,0,0,0.12,31.080000000000002,54.4,5,10,281,0.09349593764648158,Rendah,True,2026-10-08
Kalimantan Tengah,KOTAWARINGIN TIMUR,PARENGGEAN,0,0,0,0.7833333333333333,29.28333333333333,71.16666666666667,5,10,281,0.8721206134972277,Tinggi,True,2026-10-08
Kalimantan Tengah,KOTAWARINGIN TIMUR,BAAMANG,0,0,0,0.4,28.919999999999998,72.4,5,10,281,0.4758467413423358,Sedang,True,2026-10-08
Kalimantan Tengah,SUKAMARA,BALAI RIAM,0,0,0,2.08,28.3,75.4,2,10,281,0.7024653827804452,Tinggi,True,2026-10-08
Kalimantan Tengah,KOTAWARINGIN TIMUR,MENTAWA BARU KETAPANG,0,0,0,2.775,28.599999999999998,75.0,2,10,281,0.8682871629203525,Tinggi,True,2026-10-08
Kalimantan Tengah,KOTAWARINGIN TIMUR,MENTAYA HILIR UTARA,0,0,0,2.6999999999999997,28.640000000000004,73.6,3,10,281,0.9482301427089798,Tinggi,True,2026-10-08
Kalimantan Tengah,KOTAWARINGIN TIMUR,MENTAYA HILIR SELATAN,0,0,0,2.266666666666666,28.033333333333335,79.5,2,10,281,0.7041547447782059,Tinggi,True,2026-10-08
Kalimantan Tengah,KOTAWARINGIN TIMUR,PULAU HANAUT,0,0,0,3.04,27.54,82.2,1,10,281,0.7286186427381031,Tinggi,True,2026-10-08
Kalimantan Tengah,KOTAWARINGIN TIMUR,ANTANG KALANG,0,0,0,2.233333333333334,27.033333333333335,82.0,2,10,281,0.9426533794483121,Tinggi,True,2026-10-08
Kalimantan Tengah,KOTAWARINGIN TIMUR,TELUK SAMPIT,0,0,0,2.275,28.55,76.25,3,10,281,0.9032548784651592,Tinggi,True,2026-10-08
Kalimantan Tengah,KOTAWARINGIN TIMUR,SERANAU,0,0,0,2.8833333333333333,28.333333333333332,76.0,3,10,281,0.5093277412715329,Sedang,True,2026-10-08
Kalimantan Tengah,KOTAWARINGIN TIMUR,CEMPAGA HULU,0,0,0,0.3,28.574999999999996,75.5,4,10,281,0.5998730839429508,Sedang,True,2026-10-08
Kalimantan Tengah,KOTAWARINGIN TIMUR,TELAWANG,0,0,0,0.4,29.6,68.0,1,10,281,0.9398637884784345,Tinggi,True,2026-10-08
Kalimantan Tengah,KOTAWARINGIN TIMUR,BUKIT SANTUAI,0,0,0,4.08,27.159999999999997,79.6,2,10,281,0.937935923216595,Tinggi,True,2026-10-08
Kalimantan Tengah,KOTAWARINGIN TIMUR,TUALAN HULU,0,0,0,2.1999999999999997,27.919999999999998,80.0,4,10,281,0.9424726744166245,Tinggi,True,2026-10-08
Kalimantan Tengah,KOTAWARINGIN TIMUR,TELAGA ANTANG,0,0,0,2.86,27.02,83.0,4,10,281,0.9451041410567482,Tinggi,True,2026-10-08
Kalimantan Tengah,KAPUAS,KAPUAS TIMUR,0,0,0,0.5,30.359999999999996,62.8,4,10,281,0.4848992905011632,Sedang,True,2026-10-08
Kalimantan Tengah,KAPUAS,KAPUAS KUALA,0,0,0,0.5142857142857143,28.771428571428572,71.42857142857143,5,10,281,0.7380554186149642,Tinggi,True,2026-10-08
Kalimantan Tengah,KAPUAS,KAPUAS BARAT,0,0,0,1.44,29.659999999999997,66.2,3,10,281,0.9257612731761476,Tinggi,True,2026-10-08
Kalimantan Tengah,KAPUAS,PULAU PETAK,0,0,0,0.5,30.114285714285717,64.28571428571429,5,10,281,0.1576089314163093,Rendah,True,2026-10-08
Kalimantan Tengah,KAPUAS,KAPUAS MURUNG,0,0,0,1.1,29.85,64.75,2,10,281,0.8973759751275122,Tinggi,True,2026-10-08
Kalimantan Tengah,KAPUAS,BASARANG,0,0,0,0.31666666666666665,29.566666666666666,66.16666666666667,5,10,281,0.6944973219698883,Tinggi,True,2026-10-08
Kalimantan Tengah,KAPUAS,KAPUAS HULU,0,0,0,5.466666666666666,26.833333333333332,85.33333333333333,2,10,281,0.9447052493110367,Tinggi,True,2026-10-08
Kalimantan Tengah,KAPUAS,TAMBAN CATUR,0,0,0,0.4666666666666666,29.46666666666667,66.66666666666667,2,10,281,0.7812958620296423,Tinggi,True,2026-10-08
Kalimantan Tengah,KAPUAS,PASAK TALAWANG,0,0,0,2.38,27.18,84.6,2,10,281,0.8914835868605894,Tinggi,True,2026-10-08
Kalimantan Tengah,KAPUAS,MANDAU TALAWANG,0,0,0,1.2499999999999998,26.933333333333334,82.5,2,10,281,0.8629722227460804,Tinggi,True,2026-10-08
Kalimantan Tengah,KAPUAS,DADAHUP,0,0,0,0.975,29.950000000000003,63.25,3,10,281,0.8181068573842332,Tinggi,True,2026-10-08
Kalimantan Tengah,KAPUAS,BATAGUH,0,0,0,1.92,29.139999999999997,70.6,1,10,281,0.7859473584753868,Tinggi,True,2026-10-08
Kalimantan Tengah,BARITO SELATAN,JENAMAS,0,0,0,0.7749999999999999,29.15,71.75,3,10,281,0.9004111362067605,Tinggi,True,2026-10-08
Kalimantan Tengah,BARITO SELATAN,DUSUN HILIR,0,0,0,2.4749999999999996,28.575,74.5,2,10,281,0.8699692398185044,Tinggi,True,2026-10-08
Kalimantan Tengah,BARITO SELATAN,KARAU KUALA,0,0,0,2.025,28.225,79.0,1,10,281,0.6498765223162081,Tinggi,True,2026-10-08
Kalimantan Tengah,BARITO SELATAN,DUSUN UTARA,0,0,0,2.1666666666666665,27.966666666666665,81.83333333333333,2,10,281,0.9044723360177551,Tinggi,True,2026-10-08
Kalimantan Tengah,BARITO SELATAN,GN. BINTANG AWAI,0,0,0,2.9499999999999997,27.599999999999998,79.0,2,10,281,0.8793958130250626,Tinggi,True,2026-10-08
Kalimantan Tengah,BARITO SELATAN,DUSUN SELATAN,0,0,0,2.35,28.23333333333333,79.66666666666667,3,10,281,0.8844150725599754,Tinggi,True,2026-10-08
Kalimantan Tengah,BARITO UTARA,MONTALLAT,0,0,0,2.8333333333333335,27.600000000000005,84.0,0,10,281,0.7756903443556251,Tinggi,True,2026-10-08
Kalimantan Tengah,BARITO UTARA,GUNUNG TIMANG,0,0,0,2.34,27.4,82.2,2,10,281,0.9407019214949309,Tinggi,True,2026-10-08
Kalimantan Tengah,BARITO UTARA,GUNUNG PUREI,0,0,0,1.0,27.300000000000004,78.42857142857143,3,10,281,0.4910433759399527,Sedang,True,2026-10-08
Kalimantan Tengah,BARITO UTARA,TEWEH TIMUR,0,0,0,1.5833333333333333,27.266666666666666,81.16666666666667,0,10,281,0.8436243664493169,Tinggi,True,2026-10-08
Kalimantan Tengah,BARITO UTARA,TEWEH TENGAH,0,0,0,3.1333333333333333,26.96666666666667,83.33333333333333,3,10,281,0.9361643293016431,Tinggi,True,2026-10-08
Kalimantan Tengah,BARITO UTARA,TEWEH BARU,0,0,0,1.075,27.450000000000003,81.0,0,10,281,0.907321590734397,Tinggi,True,2026-10-08
Kalimantan Tengah,BARITO UTARA,TEWEH SELATAN,0,0,0,1.06,27.979999999999997,80.2,3,10,281,0.926881385423275,Tinggi,True,2026-10-08
Kalimantan Tengah,BARITO UTARA,LAHEI BARAT,0,0,0,1.9166666666666663,27.5,82.66666666666667,2,10,281,0.9321197896174052,Tinggi,True,2026-10-08
Kalimantan Tengah,KATINGAN,KAMIPANG,0,0,0,2.875,28.324999999999996,77.0,2,10,281,0.8600187016996936,Tinggi,True,2026-10-08
Kalimantan Tengah,KATINGAN,KATINGAN HILIR,0,0,0,3.04,28.04,79.0,4,10,281,0.8908504274991587,Tinggi,True,2026-10-08
Kalimantan Tengah,KATINGAN,TEWANG SANGALANG GARING,0,0,0,3.0857142857142854,27.814285714285717,80.14285714285714,4,10,281,0.8930928899830424,Tinggi,True,2026-10-08
Kalimantan Tengah,KATINGAN,PULAU MALAN,0,0,0,3.5571428571428565,27.985714285714288,78.28571428571429,5,10,281,0.9407912558175303,Tinggi,True,2026-10-08
Kalimantan Tengah,KATINGAN,KATINGAN TENGAH,0,0,0,10.333333333333334,27.0,86.0,0,10,281,0.7931953598733641,Tinggi,True,2026-10-08
Kalimantan Tengah,KATINGAN,SANAMAN MANTIKEI,0,0,0,2.86,27.22,85.4,1,10,281,0.9144194296836496,Tinggi,True,2026-10-08
Kalimantan Tengah,KATINGAN,MARIKIT,0,0,0,7.5,25.866666666666664,85.66666666666667,1,10,281,0.9342534540131032,Tinggi,True,2026-10-08
Kalimantan Tengah,KATINGAN,KATINGAN HULU,0,0,0,2.4,26.783333333333335,82.16666666666667,3,10,281,0.9419113334359552,Tinggi,True,2026-10-08
Kalimantan Tengah,KATINGAN,MENDAWAI,0,0,0,1.225,28.525,74.25,1,10,281,0.8829790993571935,Tinggi,True,2026-10-08
Kalimantan Tengah,KATINGAN,KATINGAN KUALA,0,0,0,1.5857142857142859,27.88571428571429,79.57142857142857,0,10,281,0.6035167142107541,Sedang,True,2026-10-08
Kalimantan Tengah,KATINGAN,TASIK PAYAWAN,0,0,0,3.4,28.05,79.66666666666667,2,10,281,0.8158425748011033,Tinggi,True,2026-10-08
Kalimantan Tengah,KATINGAN,PETAK MALAI,0,0,0,6.3999999999999995,25.3,84.33333333333333,0,10,281,0.7712117155704399,Tinggi,True,2026-10-08
Kalimantan Tengah,KATINGAN,BUKIT RAYA,0,0,0,0.5,26.32,82.4,3,10,281,0.8505193058381311,Tinggi,True,2026-10-08
Kalimantan Tengah,SERUYAN,SERUYAN TENGAH,0,0,0,0.96,27.639999999999997,77.4,3,10,281,0.9419053486234682,Tinggi,True,2026-10-08
Kalimantan Tengah,SERUYAN,DANAU SEMBULUH,0,0,0,1.3166666666666667,28.633333333333336,73.5,3,10,281,0.8427400502322843,Tinggi,True,2026-10-08
Kalimantan Tengah,SERUYAN,HANAU,0,0,0,1.225,28.700000000000003,73.75,3,10,281,0.9554389503810085,Tinggi,True,2026-10-08
Kalimantan Tengah,SERUYAN,SERUYAN RAYA,0,0,0,1.0666666666666667,28.7,73.33333333333333,3,10,281,0.9116468438404336,Tinggi,True,2026-10-08
Kalimantan Tengah,SERUYAN,DANAU SELULUK,0,0,0,2.2600000000000002,28.0,78.0,3,10,281,0.723304380231636,Tinggi,True,2026-10-08
Kalimantan Tengah,SERUYAN,BATU AMPAR,0,0,0,3.55,27.674999999999997,82.75,0,10,281,0.6514134208779767,Tinggi,True,2026-10-08
Kalimantan Tengah,SERUYAN,SULING TAMBUN,0,0,0,4.639999999999999,26.18,82.6,3,10,281,0.7827024769585494,Tinggi,True,2026-10-08
Kalimantan Tengah,SUKAMARA,PANTAI LUNCI,0,0,0,0.925,29.025,71.75,3,10,281,0.8475881792329722,Tinggi,True,2026-10-08
Kalimantan Tengah,SUKAMARA,PERMATA KECUBUNG,0,0,0,2.5166666666666666,28.416666666666668,72.66666666666667,0,10,281,0.7379913884144991,Tinggi,True,2026-10-08
Kalimantan Tengah,LAMANDAU,DELANG,0,0,0,3.483333333333334,27.650000000000002,74.16666666666667,4,10,281,0.8520101865864542,Tinggi,True,2026-10-08
Kalimantan Tengah,LAMANDAU,LAMANDAU,0,0,0,0.7200000000000001,27.98,74.0,2,10,281,0.8233627547278871,Tinggi,True,2026-10-08
Kalimantan Tengah,LAMANDAU,BULIK,0,0,0,1.8857142857142857,28.38571428571429,73.42857142857143,3,10,281,0.7413623799902764,Tinggi,True,2026-10-08
Kalimantan Tengah,LAMANDAU,BULIK TIMUR,0,0,0,3.5285714285714285,26.98571428571429,78.0,3,10,281,0.9047272539723283,Tinggi,True,2026-10-08
Kalimantan Tengah,LAMANDAU,MENTHOBI RAYA,0,0,0,0.6333333333333333,28.066666666666663,73.33333333333333,2,10,281,0.880946780638591,Tinggi,True,2026-10-08
Kalimantan Tengah,LAMANDAU,SEMATU JAYA,0,0,0,1.4200000000000002,28.5,73.8,2,10,281,0.2820208120505773,Sedang,True,2026-10-08
Kalimantan Tengah,LAMANDAU,BELANTIKAN RAYA,0,0,0,2.2166666666666663,27.483333333333334,75.5,3,10,281,0.6751273528834368,Tinggi,True,2026-10-08
Kalimantan Tengah,LAMANDAU,BATANG KAWA,0,0,0,1.9249999999999998,27.9,73.25,3,10,281,0.5663929196807921,Sedang,True,2026-10-08
Kalimantan Tengah,GUNUNG MAS,SEPANG SIMIN,0,0,0,1.7,28.35,77.0,3,10,281,0.9256809636800574,Tinggi,True,2026-10-08
Kalimantan Tengah,GUNUNG MAS,KAHAYAN HULU UTARA,0,0,0,5.050000000000001,26.833333333333332,86.16666666666667,1,10,281,0.7326152230083468,Tinggi,True,2026-10-08
Kalimantan Tengah,BARITO TIMUR,PEMATANG KARAU,0,0,0,2.4500000000000006,27.733333333333334,80.0,3,10,281,0.937781164229964,Tinggi,True,2026-10-08
Riau,BENGKALIS,PINGGIR,0,0,0,6.4142857142857155,27.17142857142857,86.42857142857143,2,10,281,0.12512885107820784,Rendah,True,2026-10-08
Kalimantan Tengah,GUNUNG MAS,MIHING RAYA,0,0,0,4.74,27.54,81.4,3,10,281,0.8467296264057319,Tinggi,True,2026-10-08
Kalimantan Tengah,GUNUNG MAS,DAMANG BATU,0,0,0,0.78,25.8,78.4,2,10,281,0.8386520058255476,Tinggi,True,2026-10-08
Kalimantan Tengah,GUNUNG MAS,MIRI MANASA,0,0,0,1.2999999999999998,25.75,82.25,1,10,281,0.9235905836662337,Tinggi,True,2026-10-08
Kalimantan Tengah,GUNUNG MAS,RUNGAN HULU,0,0,0,1.5,27.166666666666668,85.0,1,10,281,0.8781399354828778,Tinggi,True,2026-10-08
Kalimantan Tengah,GUNUNG MAS,MAHUNING RAYA,0,0,0,5.2,26.920000000000005,84.4,0,10,281,0.7315959613121598,Tinggi,True,2026-10-08
Kalimantan Tengah,GUNUNG MAS,RUNGAN BARAT,0,0,0,5.72,27.1,84.8,2,10,281,0.9212907349095472,Tinggi,True,2026-10-08
Kalimantan Tengah,PULANG PISAU,PANDIH BATU,0,0,0,0.5857142857142857,29.12857142857143,70.28571428571429,5,10,281,0.930458183685149,Tinggi,True,2026-10-08
Kalimantan Tengah,PULANG PISAU,KAHAYAN KUALA,0,0,0,0.38333333333333336,28.899999999999995,73.0,6,10,281,0.9154219542254628,Tinggi,True,2026-10-08
Kalimantan Tengah,PULANG PISAU,KAHAYAN TENGAH,0,0,0,2.4666666666666663,27.933333333333334,78.16666666666667,2,10,281,0.8642844896230958,Tinggi,True,2026-10-08
Kalimantan Tengah,PULANG PISAU,BANAMA TINGANG,0,0,0,2.34,27.9,80.2,4,10,281,0.7119017457368174,Tinggi,True,2026-10-08
Kalimantan Tengah,PULANG PISAU,KAHAYAN HILIR,0,0,0,0.38,29.26,68.6,4,10,281,0.604316781831393,Sedang,True,2026-10-08
Kalimantan Tengah,PULANG PISAU,MALIKU,0,0,0,0.6399999999999999,29.059999999999995,72.0,3,10,281,0.8565942115527639,Tinggi,True,2026-10-08
Kalimantan Tengah,PULANG PISAU,JABIREN,0,0,0,2.68,28.860000000000003,74.0,2,10,281,0.826560479958513,Tinggi,True,2026-10-08
Kalimantan Tengah,PULANG PISAU,SEBANGAU KUALA,0,0,0,1.9,28.740000000000002,74.0,3,10,281,0.958288596330965,Tinggi,True,2026-10-08
Kalimantan Tengah,MURUNG RAYA,MURUNG,0,0,0,1.86,27.46,84.4,1,10,281,0.9108608872039172,Tinggi,True,2026-10-08
Kalimantan Tengah,MURUNG RAYA,TANAH SIANG,0,0,0,3.3571428571428577,25.685714285714287,84.85714285714286,2,10,281,0.9321151401022446,Tinggi,True,2026-10-08
Kalimantan Tengah,MURUNG RAYA,LAUNG TUHUP,0,0,0,2.125,26.799999999999997,86.25,1,10,281,0.9408179446737518,Tinggi,True,2026-10-08
Kalimantan Tengah,MURUNG RAYA,PERMATA INTAN,0,0,0,2.466666666666667,27.03333333333333,84.33333333333333,1,10,281,0.8627778449992102,Tinggi,True,2026-10-08
Kalimantan Tengah,MURUNG RAYA,SUMBER BARITO,0,0,0,1.6,27.4,81.8,4,10,281,0.9164023682240366,Tinggi,True,2026-10-08
Kalimantan Tengah,MURUNG RAYA,BARITO TUHUP RAYA,0,0,0,2.04,27.18,82.6,2,10,281,0.9384058662444931,Tinggi,True,2026-10-08
Kalimantan Tengah,MURUNG RAYA,TANAH SIANG SELATAN,0,0,0,2.985714285714286,27.37142857142857,83.0,2,10,281,0.9433399060289931,Tinggi,True,2026-10-08
Kalimantan Tengah,MURUNG RAYA,SUNGAI BABUAT,0,0,0,2.225,25.275,80.25,1,10,281,0.9182074270819723,Tinggi,True,2026-10-08
Kalimantan Tengah,BARITO TIMUR,BANUA LIMA,0,0,0,2.5500000000000003,28.850000000000005,69.5,3,10,281,0.5684184395537859,Sedang,True,2026-10-08
Kalimantan Tengah,BARITO TIMUR,PATANGKEP TUTUI,0,0,0,0.76,28.48,69.0,3,10,281,0.7545247532624312,Tinggi,True,2026-10-08
Kalimantan Tengah,BARITO TIMUR,AWANG,0,0,0,2.325,27.95,75.25,1,10,281,0.23309112957738073,Rendah,True,2026-10-08
Kalimantan Tengah,BARITO TIMUR,DUSUN TENGAH,0,0,0,2.966666666666667,28.316666666666666,71.83333333333333,3,10,281,0.8668444008605127,Tinggi,True,2026-10-08
Kalimantan Tengah,BARITO TIMUR,PAJU EPAT,0,0,0,3.7399999999999998,28.2,76.0,1,10,281,0.8230980715569594,Tinggi,True,2026-10-08
Kalimantan Tengah,BARITO TIMUR,RAREN BATUAH,0,0,0,1.7400000000000002,28.419999999999998,72.2,2,10,281,0.89720633478778,Tinggi,True,2026-10-08
Kalimantan Tengah,BARITO TIMUR,PAKU,0,0,0,2.14,28.419999999999998,74.8,1,10,281,0.6469047499056119,Tinggi,True,2026-10-08
Kalimantan Tengah,BARITO TIMUR,KARUSEN JANANG,0,0,0,2.4800000000000004,28.02,77.6,2,10,281,0.7374964015482068,Tinggi,True,2026-10-08
Kalimantan Tengah,KOTA PALANGKARAYA,PAHANDUT,0,0,0,1.25,28.75,75.25,3,10,281,0.7264885329465237,Tinggi,True,2026-10-08
Kalimantan Tengah,KOTA PALANGKARAYA,BUKIT BATU,0,0,0,0.5,28.359999999999996,75.0,3,10,281,0.8739158330882826,Tinggi,True,2026-10-08
Kalimantan Tengah,KOTA PALANGKARAYA,JEKAN RAYA,0,0,0,3.766666666666666,28.383333333333336,75.33333333333333,3,10,281,0.9340100930645922,Tinggi,True,2026-10-08
Kalimantan Tengah,KOTA PALANGKARAYA,SABANGAU,0,0,0,2.9499999999999997,28.733333333333334,73.33333333333333,3,10,281,0.7956209751436969,Tinggi,True,2026-10-08
Kalimantan Tengah,KOTA PALANGKARAYA,RAKUMPIT,0,0,0,0.35000000000000003,28.224999999999998,76.25,4,10,281,0.8972596120296946,Tinggi,True,2026-10-08
Kalimantan Tengah,KOTAWARINGIN BARAT,KUMAI,0,0,0,2.2600000000000002,28.1,75.6,2,10,281,0.6185791304396366,Sedang,True,2026-10-08
Kalimantan Tengah,KOTAWARINGIN BARAT,ARUT SELATAN,0,0,0,0.9833333333333333,28.45,74.83333333333333,2,10,281,0.8919732845945466,Tinggi,True,2026-10-08
Kalimantan Tengah,KOTAWARINGIN BARAT,KOTAWARINGIN LAMA,0,0,0,1.5333333333333332,28.46666666666667,73.66666666666667,2,10,281,0.9359437181232766,Tinggi,True,2026-10-08
Kalimantan Tengah,KOTAWARINGIN BARAT,ARUT UTARA,0,0,0,3.8200000000000003,27.78,78.8,0,10,281,0.6277708287259077,Sedang,True,2026-10-08
Kalimantan Tengah,KOTAWARINGIN BARAT,PANGKALAN LADA,0,0,0,1.0833333333333333,29.16666666666666,71.0,3,10,281,0.6684757855061823,Tinggi,True,2026-10-08
Kalimantan Tengah,KOTAWARINGIN BARAT,PANGKALAN BANTENG,0,0,0,1.7666666666666666,28.433333333333334,76.0,1,10,281,0.31084831837500987,Sedang,True,2026-10-08
Kalimantan Tengah,KOTAWARINGIN TIMUR,KOTA BESI,0,0,0,2.7142857142857144,29.057142857142853,73.0,4,10,281,0.7845067280220364,Tinggi,True,2026-10-08
Kalimantan Tengah,KOTAWARINGIN TIMUR,CEMPAGA,0,0,0,6.2,28.233333333333334,77.0,2,10,281,0.7492865026172639,Tinggi,True,2026-10-08
Kalimantan Tengah,KOTAWARINGIN TIMUR,MENTAYA HULU,0,0,0,5.199999999999999,28.799999999999997,72.25,3,10,281,0.8621260102960049,Tinggi,True,2026-10-08
Kalimantan Tengah,KAPUAS,MANTANGAI,0,0,0,2.528571428571429,28.25714285714286,77.14285714285714,2,10,281,0.9192786117598017,Tinggi,True,2026-10-08
Kalimantan Tengah,KAPUAS,TIMPAH,0,0,0,2.4,27.583333333333332,83.16666666666667,1,10,281,0.8819067616517523,Tinggi,True,2026-10-08
Kalimantan Tengah,KAPUAS,KAPUAS TENGAH,0,0,0,4.0,27.28,83.8,3,10,281,0.8607627639512612,Tinggi,True,2026-10-08
Kalimantan Tengah,BARITO UTARA,LAHEI,0,0,0,0.44000000000000006,27.5,80.8,5,10,281,0.9423677847779297,Tinggi,True,2026-10-08
Kalimantan Tengah,SERUYAN,SERUYAN HILIR,0,0,0,0.3,28.53333333333333,73.33333333333333,3,10,281,0.8293210314012139,Tinggi,True,2026-10-08
Kalimantan Tengah,SERUYAN,SERUYAN HULU,0,0,0,3.7600000000000002,26.619999999999997,81.2,1,10,281,0.9081842452842475,Tinggi,True,2026-10-08
Kalimantan Tengah,SERUYAN,SERUYAN HILIR TIMUR,0,0,0,0.74,28.140000000000004,76.2,4,10,281,0.8030934547462243,Tinggi,True,2026-10-08
Kalimantan Tengah,SUKAMARA,SUKAMARA,0,0,0,0.9,27.98,75.6,2,10,281,0.8658379289321125,Tinggi,True,2026-10-08
Kalimantan Tengah,SUKAMARA,JELAI,0,0,0,2.48,28.4,75.4,4,10,281,0.9043719682606827,Tinggi,True,2026-10-08
Kalimantan Tengah,GUNUNG MAS,KURUN,0,0,0,1.64,27.440000000000005,82.0,3,10,281,0.8644325856157435,Tinggi,True,2026-10-08
Kalimantan Tengah,GUNUNG MAS,TEWAH,0,0,0,7.442857142857143,27.24285714285714,84.42857142857143,3,10,281,0.8240057116646593,Tinggi,True,2026-10-08
Kalimantan Tengah,GUNUNG MAS,RUNGAN,0,0,0,8.375,27.1,84.75,2,10,281,0.8450116621729503,Tinggi,True,2026-10-08
Kalimantan Tengah,GUNUNG MAS,MANUHING,0,0,0,9.450000000000001,27.375,83.5,2,10,281,0.8672241037054856,Tinggi,True,2026-10-08
Kalimantan Tengah,MURUNG RAYA,SERIBU RIAM,0,0,0,2.2285714285714286,24.214285714285715,78.85714285714286,0,10,281,0.6772314888384325,Tinggi,True,2026-10-08
Kalimantan Tengah,MURUNG RAYA,UUT MURUNG,0,0,0,5.4,25.5,82.75,2,10,281,0.9241676096703605,Tinggi,True,2026-10-08
Kalimantan Tengah,BARITO TIMUR,DUSUN TIMUR,0,0,0,1.9000000000000001,28.433333333333334,71.66666666666667,1,10,281,0.49207831492672854,Sedang,True,2026-10-08
Riau,BENGKALIS,BUKIT BATU,0,0,0,5.220000000000001,27.639999999999997,83.2,0,10,281,0.46584784068293333,Sedang,True,2026-10-08
Riau,BENGKALIS,BUKIT BATU,0,0,0,5.220000000000001,27.639999999999997,83.2,0,10,281,0.46584784068293333,Sedang,True,2026-10-08
Riau,BENGKALIS,PINGGIR,0,0,0,6.4142857142857155,27.17142857142857,86.42857142857143,2,10,281,0.12512885107820784,Rendah,True,2026-10-08
Riau,BENGKALIS,MANDAU,0,0,0,9.533333333333333,26.883333333333336,87.66666666666667,1,10,281,0.6211630683586975,Sedang,True,2026-10-08
RIAU,ROKAN HULU,PAGARAN TAPAH DARUSSALAM,0,0,0,10.0,26.714285714285715,86.85714285714286,1,10,281,,Rendah,False,2026-10-08
RIAU,KOTA PEKANBARU,LIMA PULUH,0,0,0,3.433333333333333,27.566666666666663,84.0,1,10,281,,Rendah,False,2026-10-08
RIAU,KOTA PEKANBARU,SENAPELAN,0,0,0,7.199999999999999,27.15,87.0,0,10,281,,Rendah,False,2026-10-08
SUMATERA SELATAN,OGAN KOMERING ULU TIMUR,BELITANG MULYA,0,0,0,0.9857142857142857,30.08571428571429,60.42857142857143,4,10,281,,Rendah,False,2026-10-08
RIAU,INDRAGIRI HULU,PASIR PENYU,0,0,0,5.566666666666666,26.566666666666666,89.33333333333333,0,10,281,,Rendah,False,2026-10-08
RIAU,INDRAGIRI HILIR,CONCONG,0,0,0,1.0857142857142859,28.014285714285716,80.85714285714286,4,10,281,,Rendah,False,2026-10-08
RIAU,ROKAN HULU,UJUNG BATU,0,0,0,13.375,26.525,86.0,0,10,281,,Rendah,False,2026-10-08
RIAU,SIAK,LUBUK DALAM,0,0,0,4.44,27.26,85.2,2,10,281,,Rendah,False,2026-10-08
RIAU,KOTA DUMAI,DUMAI KOTA,0,0,0,4.785714285714286,27.87142857142857,83.28571428571429,2,10,281,,Rendah,False,2026-10-08
RIAU,KOTA PEKANBARU,SUKAJADI,0,0,0,6.4,27.419999999999998,85.2,1,10,281,,Rendah,False,2026-10-08
RIAU,KOTA PEKANBARU,PEKANBARU KOTA,0,0,0,7.62,27.580000000000002,84.6,1,10,281,,Rendah,False,2026-10-08
RIAU,KOTA PEKANBARU,SAIL,0,0,0,3.6500000000000004,27.61666666666667,84.16666666666667,2,10,281,,Rendah,False,2026-10-08
SUMATERA SELATAN,LAHAT,JARAI,0,0,0,2.2,23.740000000000002,79.4,0,10,281,,Rendah,False,2026-10-08
SUMATERA SELATAN,LAHAT,SUKAMERINDU,0,0,0,2.7249999999999996,23.150000000000002,79.0,2,10,281,,Rendah,False,2026-10-08
SUMATERA SELATAN,KOTA PALEMBANG,BUKIT KECIL,0,0,0,0.43333333333333335,30.033333333333335,62.5,3,10,281,,Rendah,False,2026-10-08
SUMATERA SELATAN,OGAN ILIR,SUNGAI PINANG,0,0,0,0.175,29.775,62.75,4,10,281,,Rendah,False,2026-10-08
SUMATERA SELATAN,KOTA PALEMBANG,SEBERANG ULU I,0,0,0,0.41428571428571426,30.114285714285717,62.142857142857146,3,10,281,,Rendah,False,2026-10-08
SUMATERA SELATAN,KOTA PALEMBANG,SEBERANG ULU II,0,0,0,0.24285714285714283,30.142857142857146,61.857142857142854,7,10,281,,Rendah,False,2026-10-08
SUMATERA SELATAN,KOTA PALEMBANG,SAKO,0,0,0,0.5285714285714286,30.27142857142857,60.714285714285715,4,10,281,,Rendah,False,2026-10-08
SUMATERA SELATAN,KOTA PALEMBANG,ILIR BARAT II,0,0,0,0.375,30.3,61.25,1,10,281,,Rendah,False,2026-10-08
SUMATERA SELATAN,KOTA PALEMBANG,ILIR TIMUR I,0,0,0,0.4,29.950000000000003,63.5,2,10,281,,Rendah,False,2026-10-08
SUMATERA SELATAN,KOTA PALEMBANG,ILIR TIMUR II,0,0,0,0.32857142857142857,30.071428571428577,62.714285714285715,3,10,281,,Rendah,False,2026-10-08
SUMATERA SELATAN,KOTA PAGAR ALAM,PAGAR ALAM UTARA,0,0,0,0.5,23.4,67.0,0,10,281,,Rendah,False,2026-10-08
SUMATERA SELATAN,KOTA PAGAR ALAM,PAGAR ALAM SELATAN,0,0,0,0.375,21.65,73.5,2,10,281,,Rendah,False,2026-10-08
SUMATERA SELATAN,KOTA LUBUKLINGGAU,LUBUK LINGGAU TIMUR II,0,0,0,1.1500000000000001,28.099999999999998,71.83333333333333,0,10,281,,Rendah,False,2026-10-08
SUMATERA SELATAN,KOTA LUBUKLINGGAU,LUBUK LINGGAU TIMUR I,0,0,0,1.9000000000000001,27.7,75.66666666666667,2,10,281,,Rendah,False,2026-10-08
SUMATERA SELATAN,KOTA LUBUKLINGGAU,LUBUK LINGGAU SELATAN II,0,0,0,1.4333333333333333,27.566666666666666,77.66666666666667,1,10,281,,Rendah,False,2026-10-08
KALIMANTAN TENGAH,KAPUAS,SELAT,0,0,0,0.5000000000000001,30.12857142857143,64.57142857142857,6,10,281,,Rendah,False,2026-10-08
